comment,topic
jgn sampai banteng menang hancur indonesia kalo masih di pimpin banteng yg sudah sudah juga ekonomi susah,Indonesia emas
pak ganjar cocok jd pemimpin indonesia,Indonesia emas
asal bukan ganjar indonesia akan kembali gemah ripah loh jinawi.,Indonesia emas
"statement ganjar pranowo yang santai dan berwawasan membuka mata kita tentang generasi pemimpin masa depan untuk indonesia yang lebih baik...
insya alah bapak ganjar pranowo meneruskan kinerja baik pak joko widodo... 
amin ya rabal alamin ğŸ¤²",Indonesia emas
seluruh rakyat nt dan indonesia timur pilih ganjar pranowoğŸ‡²ğŸ‡¨,Indonesia emas
kira2 2024 rakyat indonesia masih milih yg ngasih angpau gak ya? ğŸ˜…ğŸ˜…ğŸ˜…,Indonesia emas
maju terus pak ganjar untuk indonesia maju,Indonesia emas
"ganjar pranowo, bicara dan kerjanya memang sesuai untuk indonesia kedepan â¤ğŸ‡®ğŸ‡©",Indonesia emas
"rakyat indonesia butuh calon presiden yg banyak prestasi kerja.bukan pintar bicara.saja
2024 ganjar pranowo pilih terbaik nya",Indonesia emas
setelah mendengar gagasan dari pak ganjar .. saya sih memilih pak ganjar untuk jadi pemimpin indonesia ini .. semangat pak,Indonesia emas
"saya rasa indonesia sat ini sangat butuh pemimpin yg ikhlas, tegas dan yg punya partai bukan petugas partai. pemimpin yg tidak mudah didikte oleh kepentingan2 golongan atau negara lain. pintar bicara dan visioner tak berguna kalo masih di setir dari atasan2nya",Indonesia emas
"ganjar meningalkan jateng tetap sebagai juara miskin,demi indonesia",Indonesia emas
bismilah alahuma sholi ala muhamad insya alah bidznilah bapak ganjar pranowo presiden indonesia ke 8 ditahun 2024 melanjutkan keberhasilan bapak presiden jokowi ğŸ¤² logikanya 82 persen senang dengan pak jokowi yg berasal dari pdip ya harusnya sesama almamater â˜ºï¸ğŸ¤Ÿ,Indonesia emas
"kalau udah jadi salah satu paslon, trus kan ini lagi cuap2 koar2 gagasan mereka untuk indonesia, tarolah 4 taun kdepan atau mungkin selanjutnya kali yah. nah pas udah jadi dan berjalan 1 atau 1 stngh taun cuap2 koar2 nya eh ga di lakuan atau enga trealisasi dan beralasan ini itulah. nah mestinya kasih catatan juga, klu misalkan cuma omdo. televisi nasional, berita online,  mewajibkan opening dan closing siaran nya. gini2 nih. yang dulu berkoar2 sampe cuap2 ya siapa lagi kalau bukan presiden kita, pak presiden jangan lupa cuap2 ama koar2 pas di undang adu gagasan calon presiden. di buktin dong jangan cuma di omongin doang. ga malu apa ama gaji yang udah dikasih rakyat lewat pajak. bapak enak kerja, terus di gaji rakyat+fasilitas negara. lah kita rakyat nyari duit banting tulang setiap hari buat gaji bapak cuma dapet suara pidato ama visual omongan janji doang. kalau emng cuma omdo mending ngundurin diri aja deh jadi presiden nya yah. kasian masih banyak yg pengen jadi presiden buat bener2 majuin negara ama rakyat nya pak.
gimana keren kan. semoga bukan cuma omdo. biar enga dijadikan opening atau closing telivisi nasional dan brita online ğŸ¤¥",Indonesia emas
yg bangsa indonesia butuhan dlm kurun waktu kedepanya ialah seorang pemimpin yg mampu mengekskusi sebuah keputusan yg pro rakyat...menurut saya yg berani ialah bapak ganjar pranowo....,Indonesia emas
gagasan pak ganjar memang terbaik ... gaspol pak untuk menjadi pemimpin indonesia ..,Indonesia emas
indonesia dipimpin pag ganjar pasti lebih baik,Indonesia emas
sosok pemimpin seperti pak ganjar yang kita butuhkan di indonesia ini ... tegas... jawaban yang cerdas.. gagasan yang hebat â¤,Indonesia emas
"gue udh nonton ketiga capres....
pak prabowo dari fisik aja sepertinya udh gk fokus memimpin negara ini 5 tahun, terlebih lagi pak prabowo gapunya gagasan kuat. kayanya kalo nahkodanya beliau negara ini stuck2 aja.

pak ganjar okelah secara personal, cuman gagasanya ngeri2 sedap, gamungkin ide2 dia berjalan selama di banteng merah.

pak anies yg lebih baik dari ke 3nya.secara fisik dan gagasan bagus.. kalo nahkodanya beliau, optimis indonesia punya strategi yg baik menata bangsa ke depan.. tingal eksekusinya aja, krn masalah kita nih di birokrasi, korupsi, dan kualitas sdm di lapisan bawah.",Indonesia emas
masa depan indonesia akan lebih maju bersama pak ganjar,Indonesia emas
ganjar lebih rasional visi misi ke depan indonesia emas harus cepat percepatan pembangunan yang berkelanjutan maju sistem menjadi digitalisasi untuk minimalisir tindakan korupsi,Indonesia emas
kita dukung indonesia baru dengan pak ganjar,Indonesia emas
indonesian maju bersama pak ganjar,Indonesia emas
ganjar ga spsifik penjelasanya dan cuma berandai andai. apa jadinya jika indonesia pemimpinya lawak macam dia. ğŸ¤¦ğŸ¤¦ğŸ¤¦ petruk dadi ratu istilah pewayanganya,Indonesia emas
"ketiganya capres orang baik, tapi ada 1 yang terbaik & tulus. pak ganjar pranowo. dari ketiganya beliau yang paling menguasai pangung diskusi. wawasanya sangat luas, jadi tidak diragukan beliau bisa meneruskan program presiden jokowi. untuk kebaikan indonesia lebih maju. sudah 2 periode pak ganjar menjabat sebagai gubernur, jadi beliau sudah cukup bekal untuk memimpin negeri ini kedepanya.",Indonesia emas
"indonesia butuh kerja bukan cerita atau teori. 
pak ganjar saya mendukung... @ganjarpranowo",Indonesia emas
"*ada yg berkarakter culas terbukti sat sdh menjabat gemar klaim kerja bagus hasil kerja keras org lain* 
apa yg bisa diharapkan dr org spt ini utk memimpin indonesia krn mg tdk bs dipercaya. 

syukurlah ada pilihan pak ganjar utk didukung dn dipilih ğŸ™",Indonesia emas
ganjar for indonesia â¤,Indonesia emas
"ketegasan pak ganjar dalam menjawab pertanyan mbak nana, didasarkan pada pengalaman yang sudah teruji dari latar belakang beliau dari menjadi seorang angota dewan sampai gubernur. gaspol untuk indonesia bersama pak ganjar ğŸ‘Œ",Indonesia emas
dukungan untuk ganjar pranowo yang rekam jejaknya teruji kerja-kerja nyata yang diberikanya untuk jawa tengah lanjutkan membangun bangsa negara indonesia ini,Indonesia emas
ganjar untuk indonesia ku,Indonesia emas
serius pak ganjar terlalu komplit buat presiden indonesiağŸ”¥ğŸ”¥âœ¨ï¸âœ¨ï¸,Indonesia emas
pak ganjar yg pas jd pemimpin indonesia,Indonesia emas
pak ganjar tegas smart saya yakin indonesia bakal maju pesat,Indonesia emas
"ganjar keren,,, detail banget data nya untuk dipakai bekal membangun indonesia berdasar pengalaman. itu lah gagasan ga muter"" dan masih di awang awang.",Indonesia emas
ganjar yg slalu tau isi hati rakyat indonesia ğŸ¤ŸğŸ‘ŒğŸ˜ğŸ¤²,Indonesia emas
"smoga pak ganjar pranowo bisa terpilih menjadi presiden indonesia th 2024, tentunya atas ridho dan ijin dari alah subhanalahu wata'ala, amin.",Indonesia emas
"ganjar pranowo sunguh jelas peranya semasa mejadi gubernur, srmoga gagasan lebih mudah dan jelas untuk indonesia kedepanya tanpa basa basi apa adanya tertuang dalam penjelasanya. bravo gp, semoga langkahnya sebagai bacapres dilancarkan alah ta'ala.",Indonesia emas
"ganjar terbaik, untuk indonesia maju",Indonesia emas
"pendukung anies: pembenci pemerintahan sekarang+pdip
pendukung ganjar: orang yang ingin indonesia aman+karena memang sudah terbukti dr profesi sebelumbya(merakyat)
pendukung prabowo: karena suka semangatnya juangnya+angota partai koalisinya",Indonesia emas
"indonesia memerlukan pemimpin yang kerja-kerjanya nyata seperti pak ganjar pranowo


6",Indonesia emas
"setelah saya menonton ini, pilihan saya sudah mantap ke mas ganjarğŸ¥°ğŸ¥°ğŸ¥° semoga apa yg menjadi harapan indonesia bisa terwujud lewat kinerja dari mas ganjar",Indonesia emas
mudah-mudahan ke depanya indonesia dipimpin oleh pemimpin yang jujur dan amanah seperti bapak ganjar pranowo,Indonesia emas
tegas bukan dari perkatan yh keras dan berapi berapi tetapi yg berani dlm mengambil keputusan walau tidak populis...tetapi untuk tujuan memajukan indonesia..contoh keputusan hirilisasi. aku mah pilih ganjar wae,Indonesia emas
dari seluruh gagasan yang dipaparkan ke 3 bacapres kami sangat memilih bpk ganjar pranowo cocok kami menangkan sebagai presiden indonesia tahun 2024.,Indonesia emas
keluarga besar indonesia raya ganjar pranowo.,Indonesia emas
"indonesia memerlukan pemimpin penganti pak jokowi, hanya ganjar pranowo yang pantas mengantikan menyambung tongkat estafet dari beliau",Indonesia emas
mantab ganjar untuk indonesia,Indonesia emas
indonesia bagian timur 100% ganjar,Indonesia emas
"dari ke 3 capres yg maju untuk pemilu 2024 , saya sebagai pemilih pemula , mantap bahkan sangat yakin untuk memilih bapak ganjar  pranowo untuk memimpin indonesia , karena beliau mampu memahami segal bentuk pertanyan dan menjelaskan jawaban dengan sangat baik. 

beliau terlihat sangat memiliki gagasan dan ide2 yg mampu mendistribusikan keadilan baik dlm hal pendidikan , kesehatan , lapangan pekerjan , penyempurnan infrastruktur dl. 

semoga bapak ganjar pranowo menduduki kursi presiden di tahun 2024.",Indonesia emas
mantap jawaban calon presiden republik indonesia pak ganjar pranowo.bedah dengan calon lain.bukan memperkecil calon lain,Indonesia emas
ganjar bahas pendapatan penduduk mungkin dia lupa profinsi yg dia pimpin salah satu daerah dgn gaji buruh terkecil di indonesia dan daerah termiskin di indonesia,Indonesia emas
setelah mengikuti kegiatan ini... aku tidak akan mengubah pilihan saya... cuman ganjar yang yang mempunyai ide gagasan dan bukti kerja yang  nyata ... untuk mewujudkan indonesia yang lebih maju..semoga tuhan meridoimu pak ganjar...,Indonesia emas
pak ganjar pemimpin baru membawa indonesia menuju indonesia emas,Indonesia emas
ganjar pranowo for indonesia â¤ï¸â¤ï¸â¤ï¸,Indonesia emas
pilihanku tetap kepada pa ganjar pranowo untuk mencapai indonesia emas.danpastinya rakyat indonesia akan hidup makmur,Indonesia emas
"indonesia gak butuh wong pinter omong tok ğŸ˜‚ğŸ˜‚ğŸ˜‚ 
indonesia butuh bukti kerja nyata..
rekam jejak ganjar is the best â¤â¤",Indonesia emas
pak ganjar pranowo yang akan memajukan negara indonesia,Indonesia emas
al in ganjar pranowo. pak ganjar paling solutif untuk memimpin indonesia,Indonesia emas
orang hebat seperti pak ganjar cocok banget jadi presiden indonesia,Indonesia emas
di era pak ganjar indonesia akan lebih baik kedpanya,Indonesia emas
mantap benar pak ganjar.. jika anda menjadi presiden.. maju indonesia.. ngebut.. kerja kerja..,Indonesia emas
gaspol pak ganjar untuk indonesia maju ditangan bapak,Indonesia emas
"aku berdoa mudah2an pak ganjar menang jadi presiden ri, salam   tkw jedah arab saudi,, aku orang lombok tengah,, insya alah pasti menang pak gp  jadi pemimpin indonesia menjadi makmur  dan sejahtera amin",Indonesia emas
pak ganjar sangat bisa membuat anak muda indonesia makin bersemangat dan maju,Indonesia emas
menuju indonesia emas dibawah kepemimpinan pak ganjar,Indonesia emas
indonesia ditangan pak ganjar berantas sdmua korupsi yg ada,Indonesia emas
sudah pasti pak ganjar kali ini kelak beliau akan membawa indonesia terbang lebih tingi,Indonesia emas
akan sangat senang jika pak ganjar akan terpikih untuk indonesia menjadi lebih baik,Indonesia emas
"menurut saya pak ganjar pranowo yg paling layak, kerjanya sudah kelihatan sat jadi gubernur. seperti pak joko widodo, saya berharap pak ganjar yg jadi presiden indonesia mengantikan pak jokowi. keduanya actionya bagus,bukan hanya pandai bicara.",Indonesia emas
"ada yg tau kenapa gagasan pak ganjar time lebih lama di najwa shihab ğŸ˜Šâ¤
itulah pemimpin yg diharapkan indonesia â¤",Indonesia emas
"keren bapak ganjar pranowo bicara berdasarkan data, semakin mantap pilihan jatuh ke penjenengan,, demi indonesia utuh dan damai ğŸ‘ğŸ‘ğŸ‘",Indonesia emas
"putra terbaik indonesia sat ini adalah pak ganjar pranowo, bukan yang lain..
terima kasih tuhan dari ketiga calon masih ada pak ganjar.. lihat semua dari rekam jejaknya ya!",Indonesia emas
ganjar pranowo paling mengerti kondisi indonesia sat ini..lanjut kan pak ganjar,Indonesia emas
dukung pak ganjar untuk indonesia sejahtera,Indonesia emas
"saya pastikan yg saya pilih hanya bpk.ganjar pranowo s.h., m.i.p yg paling pas n pantas jadi presiden republik indonesia periode  2024-2029 ğŸ¤Ÿ",Indonesia emas
"ganjar = jk ingin indonesia kayak gini2 saja, penerus p lurah dari pdip.
prabowo = nasionalisme dn pertahanan indonesia akan menguat.
anies = indonesia akan melompat jauh kedepan, perekonomian menguat, penegakan hukum lbh adil, kesejahteran lbh merata. indonesia kembali ke pangung dunia sbg the rising star.

silahkan pilih....",Indonesia emas
hidup ganjar maju indonesia raya,Indonesia emas
semoga pak ganjar pranowo jadi youtuber no 1 di indonesia mengalahkan ata,Indonesia emas
yakin banget indonesia maju kalo program pak ganjar terlaksana,Indonesia emas
"seru banget nih capres saling adu gagasan... 

semoga pak ganjar bisa sukses memimpin indonesia",Indonesia emas
pak ganjar memiliki jiwa kepemimpinan yang tingi saya yakin banget beliau bisa membawa indonesia menuju yang lebih baik,Indonesia emas
indonesia butuh sosok yg seperti pak ganjar,Indonesia emas
pak ganjar tidak hanya terfokus pada kepentingan indonesia secara luas tetapi juga sampai ke hal kecil,Indonesia emas
rakyat indonesia butuh pemimpin yg bukan hanya omdo ğŸ˜©,Indonesia emas
ganjar pranowo terbaik untuk indonesia,Indonesia emas
gagasan dari pak ganjar membawa indonesia ke perubahan yang lebih maju,Indonesia emas
ganjar pranowo memnag selayaknya jadi pemimpin indonesia,Indonesia emas
"si genjer ngedabrus ga jelas, ngurus jateng aja hancur lebur apalagi ngurus negara, indonesia bisa negara termiskin di dunia",Indonesia emas
"santun, cerdas, optimis to menuju indonesia maju hanya pak ganjar yg bs mewujudkan, pilihanku hanya satu yakni pak ganjar pranowo number one.",Indonesia emas
"ganjar tap yg terbaik, lugas, tegas, dn konsisten.. layak utk jd ri'1... salam dr indonesia timur",Indonesia emas
masa depan indonesia akan lebih terarah  di pimpin ganjar pranowo,Indonesia emas
ganjar adalah president ri 2024 -2029 menunju indonesia emas 2040,Indonesia emas
ganjar adalah solusi unt indonesia ..jangan pilih yang ga bisa kerja,Indonesia emas
indonesia butuh pemimpin seperti pa ganjar,Indonesia emas
pak ganjar memanglah sosok pemimpin masa depan untuk indonesia yang diharapkan oleh masyarakat indonesia,Indonesia emas
bismilah semoga terwujud pak ganjar jadi pemimpin masa depan bagi indonesia.,Indonesia emas
pak ganjar terbaik.. utk indonesia,Indonesia emas
semoga terwujud pak ganjar banayk mimpi yg harus di nyatakan.   semangat pak untuk memimpin indonesia lebih baik,Indonesia emas
"para buzer dikit2 hantam ganjar. dikit2 merah. 10 tahun dipimpin jokowi ""pdi yg merah"" indonesia lebih oke.. jujur kawan.",Indonesia emas
pak ganjar pranowo pilihan rakyat indonesia,Indonesia emas
pak ganjar keren... semangat pak untuk indonesia lebih baik,Indonesia emas
pak ganjar ini memang sosok pemimpin yang sangat ideal dan rakyat indonesia mendukung,Indonesia emas
"terlihat jelas, mana yg konseptor, mana yg eksekutor, mana kolaborator (memfasilitasi banyak kepentingan). pak ganjar yg dibutuhkan indonesia, eksekutor.

lanjutgan!",Indonesia emas
pak ganjar maju untuk perubahan indonesia lebih baik,Indonesia emas
semakin yakin dengan pak ganjar untuk menjadi pemimpin indonesia 2024,Indonesia emas
"klo ganjar presiden, indonesia akan tetap seperti ini, krn ganjar penerus presiden pdip. gak ada korupsi? kwkw. pdip paling banyak korupsi dan paling banyak investasi yg merusak lingkungan",Indonesia emas
"yes yakin 100% saya ganjar pranowo.!!!, terutama untuk infrastruktur pendidikan..!!!",Indonesia emas
pak ganjar pilihan rakyat indonesia,Indonesia emas
"mas ganjar yang paling siap adu gagasan,penampilan dan presentasi keren dan cerdas,menuju indonesia maju",Indonesia emas
cuma pak ganjar sosok pemimpin ideal buat rakyat indonesia deh,Indonesia emas
indonesia butuh pemimpin seperti ganjar pranowo,Indonesia emas
pak ganjar pasti bisa membawa indonesia lebih maju,Indonesia emas
pak ganjar harus maju menjadikan indonesia lebih baik,Indonesia emas
"ganjar hanya mengejar mimpi mimpi yg terlalu tingi sedangkan,fakta yg terjadi di indonesia sat ini masyarakat teriak teriak untuk mendapat kan keadilan dan hak hak mereke yg telah si rampas oleh orang orang yg korupsi, kami butuh presiden yg tak di kendalikan oleh partai.",Indonesia emas
semogo yg dukung idiologi pki itu hancur yg berada di pdiperjuangan komonis di indonesia.,Indonesia emas
semangat sambut presiden republik indonesia 2024 pak ganjar pranowo,Indonesia emas
"gw seneng sama ganjar,  mindset enterpreneur di indonesia itu harus dibangun!! kita pendidikan 16 tahun cuman jadi kacung perusahan? ngerelain waktu kita sampai umur 60 tahun hanya untuk mengabdi di perusahan, kalian rela kah? biarlah yang menjadi buruh2 itu yg pendidikanya gak tingi2 bgt / low skiled level, kita yg berpendidikan 16 19 tahun lamanya (high skiled)  klo bisa jadi enterpreneur!
logikanya semakin banyak enterpreneur, lapangan pekerjan akan semakin terbuka lebar, produk2 lokal semakin banyak dan akan semakin bagus karna bersaing di negara sendiri, semakin kecil pula angka penganguran. kita harus bangun mindset2 enterpreneur ke pemuda2 indonesia, jangan maunya jadi kacung mulu, dicekokin terus, ayo coba berkreatifitas dan membuka lapangan pekerjan bagi orang lain",Indonesia emas
baca tex pk ganjar. sudah ia siap kan awal2 dari ratu pdiperjuangan komonis di indonesia,Indonesia emas
"yg pasti pasti saja lah,berpengalam mimpin daerah
yg pasti kerja ga cuma bicara,meneruskan tradisi turun kebawah menyapa rakyat.

pak ganjar dari pejabat kampung untuk indonesia semakin baik dan maju",Indonesia emas
"ganjar pranowo, asli indonesia, dari rakyat biasa, pengalaman mengelola propinsi dan berhasil. dia yang paling siap meneruskan fondasi yang dimulai jokowi dan membawa indonesia menjadi negara maju",Indonesia emas
sat demokrat masuk mending saya dukung ganjar pak sby itu pemimpin indonesi paling terlicik di indo banyak yang jadi tumbal anas urbaningrum antasari azhar angelina sondakh ibu karen kalau boleh usul jangan demokrat ikut koalisi pai pasti kalah anda!!!!!,Indonesia emas
indonesia makin maju dengan oak ganjar pranowo,Indonesia emas
pak ganjar pilihan terbaik untuk indonesia,Indonesia emas
selangkah lagi berkuasa pdiperjuangan komonis di indonesia maka indonesia akan di kuasa cina. waspadalah ikn itu agenda pki mahu pindah ibu kota sejak berdiri partai pki itu.,Indonesia emas
"jelas banget yg paling pas ganjar buat indonesia on the top, mulai dari genz sampai kakek nenek",Indonesia emas
"ganjar pranowo ri 1, untuk indonesia maju, berkelanjutan",Indonesia emas
saya mewakili seluruh rakyat indonesia untuk al in ganjar pranowo,Indonesia emas
pak ganjar untuk rakyat indonesia,Indonesia emas
mau pendukung 2 capres lainya koar2 disini... faktanya sangat jelas ganjar pranowo lah yang paling pantas memimpin indonesia 2024 nanti ... #lanjutgan ğŸ‡®ğŸ‡©,Indonesia emas
dukungan kami jatuh kepada pak ganjar karena kami percaya kepada pak ganjar bahwa beliau bisa membawa indonesia ini menjadi lebih baik,Indonesia emas
banyak sekali rakyat indonesia memilih pak ganjar jika memilih beliau indonesia akan maju,Indonesia emas
pak ganjar ada dihati masyarakat indonesia,Indonesia emas
gagasan pak ganjar paling tepat untuk indonesia kedepan,Indonesia emas
"yg terbaik dan gagasan nya keren ya pak ganjar pranowo.
tegas lugas , cerdas mudah dipahami.
beliau yg paling layak dan paling siap jadi pemimpin indonesia utk meneruskan pembangunan presiden jokowi.

mahasiswa yg cerdas tentu bisa menilai siapa yg layak .
pertanyan tajem dijawab dg tegas tanpa keraguan.
pak ganjar pranowo mantap",Indonesia emas
ganjar ez win! gaspol pak indonesia emas cuma ada di tangan bapak,Indonesia emas
"sangat kagum dengan pak ganjar,semoga jadi presiden indonesia pak",Indonesia emas
ganjar the next presiden of indonesia,Indonesia emas
indonesia membutuhkan pemimpin seperti pak ganjar yang cerdas,Indonesia emas
"pak ganjar, memang yang terbaik. indonesia maju bersama ganjar pranowo",Indonesia emas
siapapun yg terpilih semoga bisa membawa indonesia lebih baik lebih beradab dan menegakan nilai nilai agama. amin karena masih bingung milih siapa tp gamau pdip hehe,Indonesia emas
"ganjar lupa, pada sat bicara investasi, bahwa modal terbesar indonesia bagi para investor adalah pasar yang besar. ini yg harus dilindungi karena merupakan ladang investasi bagi asing maupun negara dan swasta.",Indonesia emas
"gagasan pak ganjar keren banget,mudah dipahami dan itu sangat dibutuhkan indonesia",Indonesia emas
"saya banga dengan pak ganjar menjadi calon presiden yang sangat ramah, dan merkayat banget sama masyarakat-masyarakat indonesia",Indonesia emas
hanya pak ganjar yang bisa memimpin indonesian,Indonesia emas
pak ganjar capres yang paling tau kondisi masyrakat indonesia,Indonesia emas
gagasan  pak ganjar memang berani dan semoga bisa mewujudkan indonesia kedepanya lebih baik,Indonesia emas
pak ganjar saya yakin bisa memajukan indonesia,Indonesia emas
"woi ganjar luw pikir cuma  luw doank yg pinter ?!.  275 juta  orang indonesia gak mampu gantikan tenaga kerja china ? .. luw gak percaya kemampuan kami , kami pun gak akan percaya kemampuan luw !! ...  luw pernah jadi tenaga kerja asing dinegri orang  !? ... keahlian kami bahkan dipercaya dinegri orang !!! ...  dimata kami kau cuma gubernur gagal !ğŸ‘",Indonesia emas
"mantap ganjar>>>> bebas dari politik indentitas... yuk, jangan sampai indonesia dimpimpin orang yang haus kekuasan dengan mngunakan identitas sebagai komoditas politik",Indonesia emas
maju kan indonesia dan bangun indonesia kita menuju sukses bersama pak ganjar,Indonesia emas
hanya ganjar yang layak mimpin indonesia â¤,Indonesia emas
jawabane ganjar kro kenyatan slama menjabat beda bet... akrang no realita yes... ciri khas bet,Indonesia emas
"gagasan pak ganjar yang paling keren sih, maju terus pak indonesia butuh sosok pemimpin seperti bapak",Indonesia emas
nah gini nih. pak ganjar memiliki konsep pemikiran yg oke bgt buat mengatasi masalah yg ada di indonesia,Indonesia emas
"penjelasan yang saya tangkap paling sesuai adalah pak ganjar, semoga bisa tercapai indonesia maju bersama pak ganjar",Indonesia emas
"dalam hal tka china, ganjar sama dgn luhut. misinya memang memasukan tka china, tolong kasi tahu binsar, inco di soroako itu sudah ada tahun 80an dan presiden direkturnya enginerinya kebanyakan dari teknik unhas makasar, dan tidak ada satupun kuli dari org asing di soroako..bandingkan dgn proyek imip punya luhut di morowali.",Indonesia emas
"ganjar  >> 1 partai = 1 triliyun/tahun dari apbn.

pemilu 2024 dikuti 24 partai, yang artinya akan keluar paling tidak 24 triliun/tahun.
dalam 5 tahun harus apbn harus keluar 120 triliun untuk partai politik!

rp 120.000.000.000.000,-

uang segitu bisa untuk ngasih beasiswa kuliah 2,5 juta anak indonesia untuk lulus sarjana di sat yang sama. 

wkwkwkwk....

silahkan kalian memilih ganjar ya.... ğŸ˜‚",Indonesia emas
pak ganjar ini pemimpin yg mengerti kondisi rakyat dan sangat pantas untuk indonesia,Indonesia emas
gas pol menuju indonesia emas bersama pak ganjar pranowo ğŸ‡²ğŸ‡¨ğŸ’•,Indonesia emas
"kami dari california mendukung mas ganjar menjadi presiden republik indonesia ğŸ‡®ğŸ‡© pada tahun 2024 â¤
god bles indonesia ğŸ‰.",Indonesia emas
indonesia butuh pemimpin yang cerdas dan realitis dan bijak seperti pak ganjar,Indonesia emas
indonesia butuh pemimpin seperti pak ganjar,Indonesia emas
"yang pasti2 ajalah.. ganjar pranowo.. tegas, jujur, amanah.. indonesia aman, semakin maju, semakin sejahtera",Indonesia emas
"sukses mas ganjar pranowo,, menuju ri-1 untuk indonesia yang lebih baik, adil dan sejahtera. lanjutkan apa yang sudah dirintis oleh pak jokowi...",Indonesia emas
"saya lebih sependapat dengan apa yang di sampaikan pak ganjar dan saya sampai kapan pun maju bersama ganjar pranawo untuk menuju indonesia emas 2045 
karena semua harus bermuara dari kesiapan sdm itu sendiri 
semoga alah swt merestui utk menuju ri 1",Indonesia emas
"ketiganya cuma bisa omdo,,,,ada figur pemimpin di indonesia yg punya gagasan luar biasa dan sdh dimplementasikan, sdh diwujudkan dgn karya nyata tapi dipersekusi oleh negara atas desakan para kadrun, dia adalah prof. dr. panji gumilang m.p",Indonesia emas
pak ganjar lebih jelas dan nyata visi misinya dan optimis menuju indonesia maju...,Indonesia emas
ganjar is the best for indonesia 2024,Indonesia emas
"pak ganjar adalah calon presiden yg terbaik,,untuk menjadi indonesia lebih maju",Indonesia emas
semoga pak ganjar tulus dan ikhlas utk membangun indonesia,Indonesia emas
"alon pemimpin yang sanget meperhitungkan masa depan bangsa ini lah pak ganjar.. 
pak ganjar pilihan yg tepat untuk indonesia yg maju. semua yg dibicarakan jelas dan masuk akal.ğŸ¥°ğŸ¥°",Indonesia emas
"setelah mendengar gagasan pak ganjar, yakin banget indonesia akan lebih sejahtera",Indonesia emas
presiden ri yang ke delapan untuk indonesia yang semakin maju bersama pak ganjar,Indonesia emas
maju bersama pak ganjar dengan gagasan gagasan cemerlang untuk indonesia maju,Indonesia emas
mantap pak ganjar.. layak jadi pemimpin negara indonesia.,Indonesia emas
semoga tercapai keadilan sosial bagi seluruh rakyat indonesia bersama #ganjar,Indonesia emas
yang penting indonesia makmur dan adil #ganjarpilihanmilenial,Indonesia emas
saya bersumpah demi tuhan dan demi indonesia bakal pilih pak ganjar pada pemilu 2024,Indonesia emas
pak ganjar telah membuktikan komitmenya untuk memajukan indonesia menuju masa depan yang gemilang.,Indonesia emas
"bapak ganjar pranowo untuk indonesia, insya alah â¤â¤â¤â¤â¤",Indonesia emas
"ganjar paling bagus gagasan dan visi membawa indonesia ke depan. disampaikan dengan kalimat yang mudah dipahami, tertata, dan logis untuk dilaksanakan. jawaban atas pertanyan-pertanyan yang diajukan tepat dan mengena. 

ternyata jargon ""percepatan  yang digaungkan ganajr pranowo  bukan berarti memberhentikan semua program pak jokowi yang sudah ada. tetapi memberikan evaluasi untuk perbaikan dan memasukan unsur keadilan di dalamnya. ğŸ‘ğŸ‘ğŸ‘",Indonesia emas
saya bersumpah demi tuhan dan demi indonesia bakal pilih pak ganjar pada pemilu 2024,Indonesia emas
yg cerdas dan mencintai negeri ini insyalah pilih p. ganjar... maju terus indonesia ku.. sht p. ganjar,Indonesia emas
mantap pak ganjar.. layak jadi pemimpin negara indonesia.,Indonesia emas
yang penting indonesia makmur dan adil #ganjarpilihanmilenial,Indonesia emas
semoga tercapai keadilan sosial bagi seluruh rakyat indonesia bersama #ganjar,Indonesia emas
saya yakin pak ganjar akan membawa perubahan positif yang besar bagi indonesia.,Indonesia emas
solutifnya pak ganjar adalah kunci dalam mencapai indonesia maju.,Indonesia emas
yg cerdas dan mencintai negeri ini insyalah pilih p. ganjar... maju terus indonesia ku.. sht p. ganjar,Indonesia emas
saya bersumpah demi tuhan dan demi indonesia bakal pilih pak ganjar pada pemilu 2024,Indonesia emas
yg cerdas dan mencintai negeri ini insyalah pilih p. ganjar... maju terus indonesia ku.. sht p. ganjar,Indonesia emas
yg cerdas dan mencintai negeri ini insyalah pilih p. ganjar... maju terus indonesia ku.. sht p. ganjar,Indonesia emas
yang penting indonesia makmur dan adil #ganjarpilihanmilenial,Indonesia emas
saya bersumpah demi tuhan dan demi indonesia bakal pilih pak ganjar pada pemilu 2024,Indonesia emas
"indonesia adalah tujuan yang patut diperjuangkan, dan pak ganjar adalah pemimpin yang tepat untuk membawa kita ke sana.",Indonesia emas
mantap pak ganjar.. layak jadi pemimpin negara indonesia.,Indonesia emas
yang penting indonesia makmur dan adil #ganjarpilihanmilenial,Indonesia emas
semoga tercapai keadilan sosial bagi seluruh rakyat indonesia bersama #ganjar,Indonesia emas
semoga tercapai keadilan sosial bagi seluruh rakyat indonesia bersama #ganjar,Indonesia emas
saya bersumpah demi tuhan dan demi indonesia bakal pilih pak ganjar pada pemilu 2024,Indonesia emas
yang penting indonesia makmur dan adil #ganjarpilihanmilenial,Indonesia emas
mantap pak ganjar.. layak jadi pemimpin negara indonesia.,Indonesia emas
mantap pak ganjar.. layak jadi pemimpin negara indonesia.,Indonesia emas
semoga tercapai keadilan sosial bagi seluruh rakyat indonesia bersama #ganjar,Indonesia emas
dukung pak ganjar pranowo sebagai presiden republik indonesia 2024-2029,Indonesia emas
kita semua memiliki peran dalam menciptakan indonesia maju bersama pak ganjar.,Indonesia emas
saya bersumpah demi tuhan dan demi indonesia bakal pilih pak ganjar pada pemilu 2024,Indonesia emas
"saya yakin bahwa dengan kepemimpinan pak ganjar, kita dapat mencapai lebih banyak prestasi untuk indonesia.",Indonesia emas
"pak ganjar telah membuktikan dedikasinya dalam memajukan daerahnya, dan sekarang dia siap membawa semangat itu ke seluruh indonesia.",Indonesia emas
"alhamdulilÄh, terima kasih mbak najwa. diawali dengan keberanian mengumandangkan indonesia raya tiga stanza. sukses juga buat civitas akademi gajah mada. semua terkuak calon pemimpin bangsa untuk indonesia emas 2024, tidak harus menungu 2045. kesejahteran, keadilan dan kejujuran segera menetas utk indonesia 2024, tetap semangat melihat masa depan yang lebih baik. tidak perlu takut politik identitas atau identitas politik. modal founding fathers sudah cukup untuk manatap indonesia yang lebih baik 2024, in syÄ alÄh...",Indonesia emas
"ganjar wae, indonesia ori",Indonesia emas
pak ganjar pemimpin yang baik untuk indonesia,Indonesia emas
"gak tau knpa pak ganjar keliatan lebih menguasai semua permasalahan yg ada di indonesia, ganjar pranowo siap mimpin indonesia â¤",Indonesia emas
"saya optimis masa depan indonesia cerah dengan ganjar pranowo.""",Indonesia emas
indonesia akan lebih makmur dengan ganjar pranowo sebagai presiden.,Indonesia emas
"berbagai kelompok dan golongan terus bertambah mendukung pak ganjar, memang sosok paling tepat menjadi presiden indonesia selanjutnya.
mulai skrg salamnya musti sama ..."" extravaganjar, lanjut gan .....gerak cepat !!!! ğŸ¤ŸğŸ¤ŸğŸ¤ŸğŸ’ªğŸ’ª",Indonesia emas
memang pak ganjar pantas jdi presiden indonesia di th 2024. ğŸ™ğŸ¤Ÿâ¤ï¸,Indonesia emas
"indonesia tanpa banteng, indonesia sehat",Indonesia emas
"indonesia akan lebih aman dan stabil dengan kepemimpinan ganjar pranowo.""",Indonesia emas
"sudah cukup dgn banteng dan garuda, satnya yg baru dan segar dan cerdas yg memimpin, jangan sampe indonesia makin terpuruk lagi",Indonesia emas
"""lari kencang menuju indonesia emas"" adalah pangilan untuk menciptakan lapangan pekerjan yang lebih banyak bagi generasi muda, sip ganjar pranowo",Indonesia emas
mohon maf pak ganjar udh jelas2 di tunjukin data soal kebebasan berpendapat di negara indonesia sekarang tpi beliau msh denial gak mau ngakuinğŸ˜¢,Indonesia emas
"ganjar pranowo akan membawa indonesia ke pangung dunia yang lebih tingi.""",Indonesia emas
"siapa pun yg jadi presiden 2024 nti kecuali tim merah, bisa nga warga negara indonesia hidup sejatera seperti negara2 tetanga sprti singapur, malaysa. dimana negara indonesia memiliki kekayan alam yg luar biasa yg belum tentu ada di negara lain, kita punya sawit pnya laut punya tambang, punya minyak, knpa masyarakat indonesia tidak sejatera? dan satu lagi pak, siapa pun yg korupsi tolong hukum potong tangan/lebih dari itu, dan knapa yg korup masih bisa jadi bagian pemerintah sat ini? seharusnya mereka2 yg korup tidak boleh lagi terlibat apapun di pemerintah",Indonesia emas
"mari berlari kencang bersama pak ganjar menuju indonesia emas, karena bersama-sama kita lebih kuat.",Indonesia emas
"siapa pun presiden'y ok aja, asal jangan jadi boneka partai atau bisa di sebut petugas partai, pasti saya dukung.
karna jadi presiden itu pilihan rakyat dan untuk rakyat bukan untuk partai.
semoga indonesia bisa lepas dari utang cina dan ketergantungan ke cina.
indonesia bisa maju dan berkembang jadi lebih baik asal presiden'y bisa melihat peluang anak"" bangsanya. 2024 harus lebih baik lagi harus bisa berdiri di kaki sendiri jangan bergantung ke utang terus biar indonesia bisa benar"" merdeka tanpa ada tekanan dari negara lain.",Indonesia emas
"cukup jakarta aja yang di php kan, indonesia jangan ğŸ˜‚
orang cerdas pilih ganjar pranowo â¤",Indonesia emas
"terima kasih pak ganjar sudah melakukan gagasan di jawa tengah dan aplikasikan nanti untuk yang baik di daerah lain, bukan hanya indah merangkai kata indah, tapi langsung terjun ke lapangan untuk memfolow up tujuan menyongsong indonesia emas",Indonesia emas
lihat rekam jejak semua capres harus si perhatikan...hanya ganjar terungul dibandingkan lainya..ganjar the next presiden...merdeka indonesia ğŸ‡®ğŸ‡© ku,Indonesia emas
pak ganjar adalah pemimpin yang memiliki visi jelas tentang bagaimana mencapai indonesia emas.,Indonesia emas
"gila statmen pak ganjar waktu menjelaskan saya adalah pdi perjuangan dan saya berpihak kepada wong cilek si marhaen itu ..merinding bener"" merinding...semoga bapak ganjar bisa memimpin indonesia ini setelah pak jokowi selesai tugas..amin",Indonesia emas
"dengan pak ganjar, indonesia emas bukanlah mimpi yang tidak tercapai, melainkan sebuah realitas yang dapat kita raih.",Indonesia emas
visi pak ganjar tentang indonesia emas memberikan kita fokus yang jelas untuk bekerja menuju masa depan yang lebih baik,Indonesia emas
pak ganjar memotivasi kita untuk berlari kencang menuju indonesia emas.,Indonesia emas
"kita memiliki pemimpin yang tepat di tangan kita untuk mencapai indonesia emas, yaitu pak ganjar.",Indonesia emas
"dalam perjalanan menuju indonesia emas, kita tidak akan pernah sendirian dengan pak ganjar di sisi kita.",Indonesia emas
"indonesia emas adalah harapan kita bersama, dan pak ganjar adalah pemimpin yang akan membantu kita mencapainya.",Indonesia emas
"indonesia emas adalah tujuan yang pantas dan dengan pak ganjar, kita memiliki arah yang benar.",Indonesia emas
"dengan pak ganjar di depan, indonesia emas adalah tujuan yang dapat kita raih bersama.",Indonesia emas
"kita akan berlari kencang, bersama pak ganjar, menuju masa depan yang lebih baik dalam bentuk indonesia emas.",Indonesia emas
"baca komen sepertinya banyak pendukung sumur resapan. 

padahal klo pke logika yg sesuai fakta. pak ganjar lah yg paling menguasai n memahami persoalan negri ini beserta solusi2 nya. 

bismilah... ganjar pranowo untuk indonesia 2024. amin....",Indonesia emas
lari kencang menuju indonesia emas adalah perjalanan yang akan kita selesaikan bersama-sama dengan pak ganjar.,Indonesia emas
sosok panutan teladan ganjar pranowo sosok yg lebih pantas memimpin indonesia,Indonesia emas
yg serius menangani masa depan bangsa indonesia di persentasikan oleh bp ganjar.. sangat siap beliau dengan tantangan dan punya solusinya,Indonesia emas
ganjar untuk indonesia ğŸ”¥,Indonesia emas
ganjar komitmen kerakyatanya sangat kuat dan komitmen ke indonesian....smg ganjar dapat dukungan  rakyat menjadi presiden ri 2024.ganjar cerdas tegas dan orang baik.,Indonesia emas
"ganjar sangat terstruktur dan detail, dengan demikian ganjar paling tepat pimpin indonesia selanjutnya.",Indonesia emas
"saya awalnya pengagum personal pak ganjar. 
namun seiring berjalan nya waktu dan berbagai macam peristiwa yg terjadi dan berkaitan dg partai pdip. 
saya jadi tidak respect & cenderung kecewa dg beliau. 
namun setelah tayangan ini, saya jadi mengerti & insyalah 2024 saya pilih pak ganjar. 
#big respect. 
#semoga tuhan selalu menyertai. 
#indonesia lebih baik.",Indonesia emas
ganjar udah paling mantep. gagasanya ga ngawang2. visioner kedepan mau seperti apa.  melanjutkan yg sudah di bangun dan fix no debat. kalo mau indonesia emas 2045 tercapai menjadi negara dengan gdp 4 besar dunia pilih ganjar..,Indonesia emas
"dari ketiga capres, yang jawabanya kongkrit cuma pak ganjar tidak berbelit tidak ragu 
besar harapan bapak ganjar bisa menjadi presiden republik indonesia â¤",Indonesia emas
"ganjar pinter ngeles.. bilg aja anak indonesia ga mampu,",Indonesia emas
"dri ke 3 prsiden, pak ganjar pilihan yg lebih rasional utk bisa memimpin langkah bangsa indonesia sat ini smakin lebih baik...",Indonesia emas
ganjar terlalu pesimis terhadap terhadap skil yang di miliki masyarakat indonesia,Indonesia emas
ganjar the best president of indonesia,Indonesia emas
bpk ganjar calon presiden terbaik d masa depan indonesia sat ini.,Indonesia emas
"semoga orang indonesia jangan sampe sala memili pemimpin negara kita tercinta sebelum memili kepala pemimpin kita lihatla rekam jejak para calon persiden saht dia memimpin daera nya yang perna di pimpin sebagus apa dan sehancur apa daera yang mereka perna pimpin sahat menjadi gubenur sebelum mau mencalonkan menjadi persiden kita tercinta semoga orang indonesia jangan sampe sala memili kepala negara kita tercinta klo kita sala memili pemimpin kita rakyatla yang akan sengsara salam nkri kita tercinta

menurut saya tak ada calon persiden yang setegas pak ganjar pranowo dengan semua yang di tanyakan najua sihab nga seperti calon lainya semuanya bertele tele klo mau menjawab",Indonesia emas
saya tp pilih gp karana ide dan wawasanya uyk indonesia maju,Indonesia emas
"biasanya orang yang dinilai pandai bicara tidak akan menepati janjinya.masyarakat udah ngetahui siapa prisiden yang terbaik untuk indonesia. ganjar adalah pilihanku, prisidenku tahun 2024 sampai 2029.",Indonesia emas
ganjar pranowo the next presiden indonesia,Indonesia emas
alhamdulilah indonesia raya 3 stanza bergema. jayalah negara kita,Indonesia emas
"aku akui meski saya yakin dengan jiwa nasionalis dan ketulusanya  pak prabowo terhadap indonesia,,tapi disini jelas pak anis menang mutlak,secara basic dia emang seorang akademisi. untuk pak ganjar, maf, no coment, karna saya orang jateng dan sudah tidak suka dengan wajah pdi-p yang sekarang",Indonesia emas
ganjar pranowo indonesia maju,Indonesia emas
"di sumatra barat pdip tidak akan menang
pdip sering melukai hati kmiğŸ˜¢ğŸ˜¢",Indonesia emas
"pak  ganjar pranowol ebih tertata, terkonsep dan mudah di cerna. 
jadi mantab saya milih pak ganjar pranowo semoga indonesia lebih terarah, jelas dan berkeadilan sosial jadi kenyatan, bukan hanya omongan beda dikenyatan.nies",Indonesia emas
tetep pak ganjar. pak ganjar presiden indonesia 2024,Indonesia emas
"bpk.ganjar pranowo pemimpin yang pintar,cocok menjadi presiden indonesia selanjut nya. ğŸ‘ğŸ‘ğŸ‘   75% suara rakyat ke bpk.ganjar pranowo presiden ku ğŸ™ğŸ‘ğŸ‡²ğŸ‡¨",Indonesia emas
ganjar for republik indonesia tahun 2024-2029 â¤ğŸ¤ŸğŸ‡®ğŸ‡©ğŸ’¯,Indonesia emas
begitu melihat utuh acara dan objektif..makin mantap pilih ganjar pranowoğŸ‘...insyalah jadi yang terbaik untuk indonesiağŸ™,Indonesia emas
yg terbaik mimpin indonesia paling tepat pak ganjar pranowo,Indonesia emas
denger pak ganjar suka mikir keadan indonesia hari iniğŸ˜‚ padahal apa yang sedang terjadi di indonesia hari ini itu karna partai nya ğŸ˜‚,Indonesia emas
"disini mempertegas sifat asli ganjar yang emosional, anti kritik, pendendam dan gampang panik.
pemimpin seperti ini bahaya memimpin indonesia, bisa2 semua pengkritik nya di bui..",Indonesia emas
"saya sebagai pendukung pak ganjar,pak ganjar dapat mengemaskan indonesia",Indonesia emas
"hebat sekali pa ganjar pranowo , you are deserve become the next indonesian president salut pak untuk misi dan visi anda, dan hasil kerja anda selama ini.",Indonesia emas
ganjar ....yes the next presiden indonesia,Indonesia emas
100% yakin bismilah pilihan saya jatuhkan kepada pak ganjar pranowo â¤ 2024 presiden indonesia  amin ya alah swt,Indonesia emas
menurut saya dari semua kandidat pak ganjar masih blum bisa memimpin 275jt rakyat indonesia .. next mungkin bisa .. masih banyak proses yg harus dijalani dan pengalaman yg mumpuni,Indonesia emas
"insyalah gp  jadi presiden 8, sangat menguasai sekali materi tentang kehidupan indonesia, pernah meminpin di wilayah yg apbd nya kecil tpi sangat bermanfat & hasil nya memuasakan",Indonesia emas
"semoga pak ganjar senantiasa dalam lindunganya
dan sebagai pemimpin indonesia 2024-2029",Indonesia emas
"pesan ibu  jabatan jangam dicari , namun jika menjabat jangan pernah korupsi  #save ganjar pranowo untuk indonesia maju",Indonesia emas
malu saya pak ganjar. terimakasih sudah berusaha tampil. tapi saya khawatir kapasitas anda untuk lingkup indonesia,Indonesia emas
bacapres yg paling keren merangkai kata2 yaitu capres imam mahdi atau yohanes ğŸ˜†ğŸ˜†tidak ada dua nya pak gp presiden 2024 utk indonesia maju,Indonesia emas
"bicara soal masadepan indonesia itu harus serius, jangan lelucon seolah olah, bicara serius di tambah lelucon narasinya gak nyambung. reflek kubu pdi ketika dipuji oleh dosen, refleknya sangat tumpul, untung ketutup sama refleknya bak nana.
seorang calon pemimpin negara bicara atau mengurus negara, jngan main"" harus bersunguh sunguh",Indonesia emas
ganjar pranowo the best president indonesia.,Indonesia emas
"pdip,ganjar,jokowi is ngancurin indonesia",Indonesia emas
yang penting bukan banteng indonesia pasti maju.,Indonesia emas
"*hai najwa dan kawan-kawan lainya, mau tau kinerja ganjar pranowo aslinya, jangan lupa dijawab pertanyan dibawah ini, ya...*
â¤â¤â¤

ğŸ‘‡


1. sebutkan 10 provinsi dengan jumlah kasus aids tertingi di indonesia pada tahun 2022? dan provinsi jawa tengah ranking berapa? jelaskan...!!!

2.  sebutkan 10 provinsi dengan jumlah kasus penyalahgunan narkoba tertingi di indonesia pada tahun 2022!

3. sebutkan 5 provinsi yang menyumbang 50% kematian ibu dan bayi di indonesia pada tahun 2022  berdasarkan data kementerian kesehatan! dan mengapa hal ini bisa terjadi? jelaskan...!!!!

4.bandingkan pertumbuhan ekonomi jawa tengah pada q 4 tahun 2022 dan q 1 tahun 2023 dengan pertumbuhan ekonomi 37 provinsi di indonesia pada q 4 tahun 2022 dan q 1 tahun 2023, provinsi manakah yang memiliki pertumbuhan ekonomi tertingi di indonesia?

5. bandingkan indeks pembangunan manusia provinsi jawa tengah dengan indeks pembangunan manusia 37 provinsi di indonesia, provinsi manakah yang memiliki indeks pembangunan manusia tertingi di indonesia?

6. bandingkan koefisien gini provinsi jawa tengah dengan koefisien gini provinsi bangka belitung, provinsi manakah yang lebih berhasil dalam mengatasi masalah ketimpangan pengeluaran?

7. sebutkan 15  provinsi termiskin di indonesia menurut data bps pada tahun 2023!

8. sebutkan 10 provinsi dengan angka kemiskinan terendah di indonesia tahun 2023! apakah provinsi jawa tengah termasuk didalam 10 provinsi tersebut?",Indonesia emas
"ganjar pranowo mantab,,,materi gagasan nya berdasar data ,jelas,runtut alurnya jelas ,permasalahan dan solusinya jelas di sampaikan juga ,tdk ber dasarkan asumsi seperti anies,,,visi nya jauh ke depan ,,,krn memang sdh mulai di laksanakan selama ini di jateng selama 2 periode,,,,indonesia butuh pemimpin seperti pak ganjar punya visi dan misi yg hebat buat indonesia ke depanya!!!ğŸ’ªğŸ’ªğŸ’ª",Indonesia emas
"jawaban, intonasi, kontrol emosi... sudah sangat terlihat siapa paling ungul.. ini utk temanÂ² akademisi. tapi indonesia ini heterogen.. pemilih non educated banyak... ğŸ˜…ğŸ˜…ğŸ˜…",Indonesia emas
"ganjar gagasanya old schol bngt, indonesia butuh pemimpin yang fresh cara berpikirnya.",Indonesia emas
dari pemaparan gagasan dan lainya... saya berpendapat mengambil kesimpulan bahwa hanya ganjar pranowo yang bisa serta mampu memimpin indonesia lebih baik dan maju serta mampu mengelola negara... semua kriteria memenuhi syarat......â™¥â™¥â™¥â™¥â™¥â™¥â™¥â™¥,Indonesia emas
alah pdi dulu juga janjix seperti ganjar gk infor ternyata beras bahkan garam pun infor. pdi omong doang gk bisa dioercaya. selama jdi boneka x bu mega indonesia gk akan berubah klu pdi-p yg masih berkuasa. contoh skrg tanah2 rempang. dan pulau pulau lain pasti akan bernasib seperti rempang klu  pdi-p berkuasa lagi.,Indonesia emas
dukung terus ganjar untuk indonesia emas,Indonesia emas
saya bukan pendukung pdip tetapi melihat pemaparan ketiga bacapres pak ganjar memang paling layak dan paling mampu untuk meneruskan kepemimpinan pak jokowi ğŸ™ğŸ”¥ğŸ”¥ğŸ”¥,Indonesia emas
ganjar presiden ku untuk sulawesi selatan untuk rakyat untuk bangsa indonesia maju sdm ungul merdeka,Indonesia emas
ganjar cocok jadi presiden lawak indonesiağŸ˜…,Indonesia emas
"intinya no banteng indonesia!!!! siapapun capresnya, sbnernya ku percaya mereka bagus2 smua. asal jangan di partai banteng. no setir setir club!!!!",Indonesia emas
"ganjar ada kelembutan, ada ketegasan, ada kepedulian, ada harapan masa depan indonesia melanjutkan menjadi lebih baik dan lebih baik lagi, yang tidak dimiliki bacapres lainya, dimana indonesia 2024 tidak dimulai dari nol, dimana indonesia 2024 tidak terpenjara masa lalu yang kelam.
terbanglah garudaku 
bersihkan kutu2 disayapmu
jangan ragu dan jangan malu
tunjukan pada dunia
bahwa sebenarnya kita mampu
(song by iwan fals)",Indonesia emas
gagasan yang paling inovatif untuk indonesia kedepan ya pak ganjar ğŸ‘Œ,Indonesia emas
"ps & gp jelas sinkron apa yang dijelaskan, memahami apa yang dia kerjakan selama ini, cara & tujuan utk indonesia...yg satunya perlu diragukan komitmenya. baru tahapan menjaga nama baik",Indonesia emas
"rencana pak ganjar yang menarik adalah terkait energi. sinergi antara teknologi, digitalisasi, dan sdm âœ… lalu ada pendidikan anti korupsi sejak dini.. memang penting.. tapi klo sistemnya ga dirubah sama aja. dan yang menarik lagi adalah melanjutkan & tingkatkan infratruktur (god)âœ…",Indonesia emas
"bisa dilihat selevel capres  menit 3:42:08 menghina mc, jurnalis lalu menutupi hinan... belum lagi sdm indonesia dihina lebih baik tenaga china......
seperti mak banteng menghina tukang bakso, ibu-ibu pengajian.....",Indonesia emas
"ganjar paling siap ,sesuai untuk indonesia",Indonesia emas
"di luar gagasan bacapres slain dari body language sama mimik muka bedaÂ² dari humble murah senyum intelek, control emosi arogansi sampai bener dari hati sanubari tulus untuk negara ğŸ‡²ğŸ‡¨ cepat kembali merdeka indonesia ku",Indonesia emas
"lihat jawaban ganjar, gak ada greget"" nya untuk indonesia iniğŸ˜‚",Indonesia emas
ganjar pranowo untuk indonesia maju â¤ï¸ğŸ”¥,Indonesia emas
"hari ini saya yakin, pak ganjar pranowo, siap memimpin indonesia, tegas, berani, masuk akal",Indonesia emas
"pemimpin indonesia haruslah orang yg bekerja bkn pintar bicara tp zonk 
gaspol ganjar for ri 1 pilpres  2024",Indonesia emas
rencana pak ganjar untuk memperbanyak sekolah vokasi di jateng adalah langkah strategis yang dapat membawa dampat posif dalam jangka panjanh.  ini adalah investasi dalam masa depan indonesia yang patut diapresiasi,Indonesia emas
pak ganjar pilihanku untuk menjadi presiden ri 2024 dengan gagasan gagasan yg cemerlang untuk menjadikan indonesia negara yg maju diberbagai sektor..bravo..pak ganjar pranowo dengan segala hormat..,Indonesia emas
ğŸ‰ğŸ‰â¤â¤ tetap bpk ganjar pranowo â¤â¤â¤ğŸ‡®ğŸ‡©ğŸ‡®ğŸ‡©ğŸ‡®ğŸ‡©ğŸ‘ğŸ‘ğŸ‘ yg cocok penerus bpk presiden jokowi â¤ untuk indonesia ğŸ‡®ğŸ‡©,Indonesia emas
"aku bukan mau milih parpol, tapi aku mau memilih presiden yang jasmaninya  sehat,gesit,usia 50+ , cerdas,wawasanya luas,tidak memiliki latar belakang yang negatif dan asli putra bangsa indonesia! karena memenuhi kriteria dengan senang hati saya memilih pak ganjar pranowo untuk menjadi presiden nkri periode 2024-2029!!!ini pendapat saya, silahkan pendapat anda!!!terlalu banyak analisa dan hitung2an dari parpol koalisi ... sudah ngak jaman...maf indonesia bukan pulau jawa saja!!! love nkri harga mati!!!â¤â¤â¤â¤",Indonesia emas
apapun pilihanya yang penting untuk kemajuan indonesia dan yang penting jangan pilih pdip lagi ğŸ˜…ğŸ˜…ğŸ˜…ğŸ˜…,Indonesia emas
menurutku pak ganjar blm ckup kapasitasnya untuk menjadi orang nomer 1 di indonesia.,Indonesia emas
"bersama pak ganjar, indonesia majuÃ°Ã¿Â¤Ã¿Ã°Ã¿ÂÂ»Ã°Ã¿Â¤Ã¿Ã°Ã¿ÂÂ»",Indonesia emas
ganjar penceminan jokowi banget ini fix ganjar sudah terbukti pdi 10 tahun membangun negri dan membuat  idonesia hebat!,Indonesia emas
"semoga tuhan menuntun kita dalam memilih capres yang terbaik, bukan yg cuma bisa jual kata tapi omdo dan terbukti sudah, bukan yg mau menjual indonesia kepada antek asing. tetapi dia yang jujar dan tulus memimpin indonesia. terima kasih tuhan",Indonesia emas
indonesia butuh pemimpin jujur tegas merakyat itu ada pada paganjar kinerjanya tidak diragukan lagi sy tidak sy suka calon penghianat baru nyalon aja udah berhianat darihal kecil  udah begitu apalagi kerakyatnya,Indonesia emas
"intinya jangan sampai wakil banteng jadi presiden, ayo selamatkan indonesia tercinta",Indonesia emas
"ganjar cerdas dan berfikir maju, insyalah ganjar membawa indonesia jaya",Indonesia emas
"harapan saya sbg warga nu, pak ganjar pranowo bisa berpasangan dengan prof. mahfud md....saya yakin cukup putaran saja ganjar-prof. mahfud menang...bismilah semoga menang. bravo ganjar-prof. mahfud",Indonesia emas
"yang muda, energik, berwawasan, berbudaya dan beradab.. ganjar pranowo jawaban nya buat indonesia, jokowi banget bro ..",Indonesia emas
"pak  ganjar banyak bukti di daerah morowali dg kedatangan tka nol pengalaman sengaja dikasih ikut2 sebagai helfer diditenaga kerja indonesia setelah uda tau kerja langsung diphk tenaga kerja indonesia yg mengantikan adalah si helfer tka yg naik,,, , beda dg ditahun sembilan baxk investasi datang ke indonesia tp tenaga ahli paling minimal superintenden keatas kebawa sudah baxk tenaga kerja indonesia yg hebat, gmn karya putra putri pribumi indonesia babrik pt inco yg begtu sukses memproduksi biji nikel yg begtu banyak , apa i2 tdk cukup bukti bahwa tenaga kerja indonesia tdk cukup ahli sebagaimn di utarakan pak ganjar bahwa tenaga kerja indonesia tak mampu, jgn katakan gtu pak , baxk skali putra-putri  indonesia yg siap dan maput kerja disemua jurusan yg sat ini marak dlm bidang tambang bumi indonsia yg skrg hampir lebih baxk tka kerja disana daripada tenaga kerja pribumi",Indonesia emas
saya setuju dgn paparan pak ganjar beliau betul betul memikirkan bagamana kemajuan dan prkmbngan negara.  mulai dari pncegahan stunting agar trlahirmya warga negara yang cerdas sehat dan ini adalah awal dari quality sdm indonesia.  mencegah lebih baik.  sdm yg lebih baik.  itu lebih penting.  jelas sekali yg pak ganjar paparkan. saya sangat setuju.  itu artinya dari semua yamh beliau sampaikan meliputi semua yg indonesia butuhkan. dan materi beliau jelas sesuai data.,Indonesia emas
10 menit ide gagasan pak ganjar target nya jauh terdepan..... 2050 indonesia peringkat 4.....,Indonesia emas
"jual pulau dengan gaya investasi #savewadas #saveremang, pdip tengelamkan",Indonesia emas
aku memang tidak suka sama ganjar! karena ganjar bukan presidenku! ganjar tidak bisa dukung rusia! orang indonesia tidak tahu ukraina jatuh ke tangan israel? ukraina bukan agama islam! ukraina itu sahabat israel! ukraina itu menghabisi palestina! rusia saja dukung palestina! seperti indonesia! orang indonesia gak bisa bantu rusia? orang indonesia gak kasian sama rusia? kalo tidak ada rusia? siapa yang melindungi indonesia? bukan negara lain! orang indonesia sahabat rusia! bukan ukraina! menurutku! kalo ganjar jadi presiden! ekonomi akan turun dan melanjutkan perang timor leste!,Indonesia emas
yg jelas bagi saya gk akan memelih capres-cawapres yg di usung oleh pdi-p.. sbab sya menginginkan persiden seluruh rakyat indonesia.. bukan menginginkan petugas partai!..,Indonesia emas
"soal dua poros

kecemasan pdip adalah jika jika prabowo dan  ganjar menang di putaran 1 maka kemungkinan besar suara anis akan tumpah ke ke prabowo , daripada ganjar,  maka resikonya pdip harus jadi oposisi.

 lebih baik 1 putaran dan jadi wapres dan kemungkinan menangnys besar dari menang di putaran pertama dan kalah di putaran kedua.

maka pak lurah dan indonesia maju akan semakin utuh hampir 90% proberkelanjutan

dan mimpi sby  satu gerbong 3 x presiden menjadi nyata...

dan munculnya pkb gusdurian.. yeni wahid..
psi kaesang
pan eric
p sandi....

pajar atau jarwo
.....??",Indonesia emas
saya dan sekeluarga semakin yakin memilih pak ganjar pranowo memimpin indonesia ğŸ¤²ğŸ¤²ğŸ¤²,Indonesia emas
"alhamdulilah...
mantap semangat selalu untuk indonesia mendukung dan memilih pak ganjar pranowo ğŸ™ğŸ’ªğŸ’ªğŸ‡®ğŸ‡©ğŸ‡®ğŸ‡©ğŸ‡®ğŸ‡©",Indonesia emas
gagasan indonesia emas for global sysyem gpğŸ‘ğŸ‘ŒğŸ‘ğŸ˜‡,Indonesia emas
"pdip libur dulu aja dr politik, mulainya tahun 2050 lagi kan udh mimpin indonesia lama tuh 10 tahun, gantian dong masbrowğŸ˜‚ğŸ˜‚ pak ganjar mohon maf jadi gubernur lagi aja sono di jawa tengahğŸ˜‚",Indonesia emas
"pak prabowo sangat patriot negarawan yang hebat. gagasan nya bagus, hanya cara penyampaian nya saja kurang detail. kalo pak anis ,bagus gagasan nya tapi hati hati janji bohong??
pak ganjar, menarik gagasan nya, tapi sayang sekali partai pengusungnya dari pdip dan masyarakat indonesia sudah tau partai pdip seperti apa kinerja nya 10 tahun k belakang",Indonesia emas
"3:49:49 
ujian yg sesunguhnya utk ganjar dari segelintir manusia indonesia.",Indonesia emas
siapapun yg kelak jadi ri 1 semoga indonesia semakin lebih baik lagi dan tidak diseruduk banteng,Indonesia emas
ganjar ungul dalam gagasan,Kerealistisan gagasan
pak ganjar ini paling jelas gagasanya,Kerealistisan gagasan
"yang bicara dan memberikan gagasan pemikiran dilatarbelakangi oleh pengalaman dalam mengeksekusi dilapangan, ya hanya bapak ganjar pranowo. pilih yang tepat untuk meneruskan program pak jokowi, ya hanya pak ganjar pranowo.",Kerealistisan gagasan
gagasan pak ganjar paling mantap sih,Kerealistisan gagasan
sejauh ini gagasan gp yang paling realistis,Kerealistisan gagasan
gagasan pak ganjar yg terbaik,Kerealistisan gagasan
solusi pak ganjar yang paling konkrit menurutku dari pada capres lainya,Kerealistisan gagasan
paling bagus gagasan pak ganjar,Kerealistisan gagasan
wih...ada pak ganjar nih pasti gagasanya seru,Kerealistisan gagasan
"ganjar paling berbobot dlm pemaparan gagasan, wajar beliau paling tingi elektabilitasnya",Kerealistisan gagasan
"ganjar paling ok ,
gagasan sangat luar biasa
masuk akal
bukan hanya main kata",Kerealistisan gagasan
hebat sih nih pak ganjar cara berpikirnya .. gagasanya .. terbaik pak ganjar..,Kerealistisan gagasan
jelas2 ganjar yg paling bagus presentasinya. jelas dan lugas gk muter2. sangat konkrit simple.,Kerealistisan gagasan
pak ganjar gagasan nya mudah di pahami,Kerealistisan gagasan
gagasan bernilai nih pak ganjar,Kerealistisan gagasan
syuka sama gagasanya pak ganjar nih,Kerealistisan gagasan
gagasan pak ganjar masuk akal,Kerealistisan gagasan
ganjar pranowo lebih masuk akal..dari dua capres lain nya,Kerealistisan gagasan
gagasan pak ganjar yang paling masuk,Kerealistisan gagasan
"puas pak ganjar ide dan gagasan
saya puas ,",Kerealistisan gagasan
setuju sama gagasanya pak ganjar,Kerealistisan gagasan
saya mengidolakan pak ganjar karena gagasan beliau,Kerealistisan gagasan
sejauh ini yg kulihat gagasan pak ganjar paling bisa dikerjakan ğŸ˜Š,Kerealistisan gagasan
"wan abud cuma teori gak pernah dipraktekin, ganjar sudah teori + prakteknya",Kerealistisan gagasan
ganjar pranowo keren gagasanya .terusgan !,Kerealistisan gagasan
pak ganjar memiliki kemampuan untuk menjelaskan ide-ide kompleks dengan jelas dan mudah dimengerti,Kerealistisan gagasan
fulpower dukung pak ganjar dengan gagasan bagus,Kerealistisan gagasan
"dukung pak ganjar karena gagasan dan ide yang bagus , semoga terwujud pak",Kerealistisan gagasan
bahkan kerenya lagi pak ganjar mampu merangkai kata-kata dengan baik untuk mengungkapkan ide-ide kompleks.,Kerealistisan gagasan
ganjar gagasanya mantap.,Kerealistisan gagasan
hanya ganjar yg punya gagasan yg membumi dan jela,Kerealistisan gagasan
"denger ganjar kaya lgi cerita suatu keadan, trs jika a maka b, sementara c maka d, harusnya e maka f...
kemudian menyampaikan bnyak tujuan singkat..

tp kok kaya gk kongkret yah.. kyknya otak saya gk nyampe...",Kerealistisan gagasan
ganjarlah yg paling cerdas dan real solusinya,Kerealistisan gagasan
"semuanya bagus dalam hal gagasan ,pilihan tetap pilihan tdk bsa di paksa ,di hati saya hanya a pak ganjar",Kerealistisan gagasan
aku suka dengan gagasan pak ganjar ini,Kerealistisan gagasan
"keren banget gagasan dari pak ganjar, cerdas",Kerealistisan gagasan
gagasan ganjar mbak mbek kambing x gagasanya,Kerealistisan gagasan
gagasan pak ganjar ini begitu pas,Kerealistisan gagasan
"kalo gagasan cuman menyampaikan keinginanÂ² baik sih kuno banget, disini pak ganjar yang paling rinci menyampaikan gagasanya, tau apa yang mesti dilakukan keren pak ganjar ğŸ‘",Kerealistisan gagasan
pengalaman yg membuat ide gagasan makin pas. pak ganjar keren,Kerealistisan gagasan
gagasan yg terbaik pak ganjar,Kerealistisan gagasan
"the most realistic in ideas, vision, mision, solution -> ganjar pranowo.",Kerealistisan gagasan
pak ganjar punya kelebihan dalam penyampaian gagasan yang oke,Kerealistisan gagasan
pak ganjar  penjelasnya paling berbobot dan masuk akal,Kerealistisan gagasan
adu gagasan  vs  adu ngibul..... gaspol pak ganjar,Kerealistisan gagasan
pak ganjar mantap banget ide dan gagasan2nya,Kerealistisan gagasan
soal gagasan ganjar lebih berbobot dan terukur,Kerealistisan gagasan
ide yang di lontarkan oleh pak ganjar sangat fresh dan sangat mantap,Kerealistisan gagasan
dari yang lain hanya gagasan pak ganjar saja yang mudah si mengerti ğŸ‘ğŸ‘ğŸ‘,Kerealistisan gagasan
itu ganjar kelihatan di tanya udah bingong,Kerealistisan gagasan
"pak ganjar orang yang hebat, setiap gagasanya sangat solutif",Kerealistisan gagasan
"paling solutif dan ide2nya sangat masuk akal, keren pak ganjar",Kerealistisan gagasan
semua jawaban pak ganjar sangat masuk akal dan mudah dimengerti,Kerealistisan gagasan
segala ide dan gagasan pal ganjar sangat dibutuhkan untuk diterapkan,Kerealistisan gagasan
pak ganjar sangat ideal dan realistis dalam masalah ini,Kerealistisan gagasan
cocok banget gagasan dari pak ganjar pranowo,Kerealistisan gagasan
bukan sekedar gagasan tetapi pak ganjar memikirkanya dengan sangat baik,Kerealistisan gagasan
gagasan baik yang dimiliki pak ganjar,Kerealistisan gagasan
terima kasih pak ganjar saya senang mendengar gagasan anda yang sangat solutif,Kerealistisan gagasan
ganjar adalah representatif dari bagaimana setiap permasalahan ada solusinya,Kerealistisan gagasan
saya sangat takjub dan kagum dengan gagasan dan ide dari pak ganjar,Kerealistisan gagasan
inilah mengapa saya memilih pak ganjar orang yang solutif segala gagasanya sangat mudah dimengerti,Kerealistisan gagasan
yang paling masuk akal di logika dan mudah dimengerti hanya statement pak ganjar,Kerealistisan gagasan
salut dan takjub dengan ide2 dan gagasan pak ganjar yang inovatif,Kerealistisan gagasan
semua ide dan gagasan yang sangat padat dan jelas yang di lontarkan pak ganjar,Kerealistisan gagasan
gp lucu... hehe... klihatan dipaksakan gagasanya,Kerealistisan gagasan
"kesimpulan : yang satu tanpa konsep jago ngomong, yg satunya terlalu banyak konsep obral janji, hanya satu yg benar2 gagasanya terkonsep, terstruktur dan terukur.... ganjar pranowo",Kerealistisan gagasan
"pusing sama pak ganjar, mbulet-mbulet gajelas apa yg jadi inti gagasanya. maf ya saya orang jateng, tp pilih pak anies aja.",Kerealistisan gagasan
"ganjar masuk akal, realistis",Kerealistisan gagasan
pak ganjar lebih masuk akal,Kerealistisan gagasan
lebih suka sama gagasan pak ganjar sih lebih mantap,Kerealistisan gagasan
menurut saya gagasan dari pak ganjar lah yang paling mudah diterima masyarakat,Kerealistisan gagasan
paling suka liat gagasanya pak ganjar sangat lugas dan to the point,Kerealistisan gagasan
"pasti di kasih kisi2, akhirnya ganjar ikut bicara soal gagasan.. hahahaha",Kerealistisan gagasan
keren banget pernyatan gagasan dari pak ganjar mantap,Kerealistisan gagasan
ganjar keren sih capaian nya bukan halusinasi seperti pertama,Kerealistisan gagasan
gagasanÂ² dari pak ganjar sangat menenangkan,Kerealistisan gagasan
gagasan pak ganjar yang terbaik â¤ï¸,Kerealistisan gagasan
sejauh ini gagasan pak ganjar yang paling kuat dan bisa diterima dengan mudah,Kerealistisan gagasan
intinya gagasan semalem pak ganjar yang terbaik,Kerealistisan gagasan
keren pak ganjar ini bisa memberikan gagasan yang mudah diterima masyarakat dalam jangkauan luas,Kerealistisan gagasan
bisa diliht sendiri kan pak ganjar memberi gagasan yang luar biasağŸ˜Š,Kerealistisan gagasan
tetap dukung oak ganjar yg sangat merakyat dan memiliki gagasan yg baik,Kerealistisan gagasan
"pak ganjar penjelasanya bgus. logis. 
dapat di mengerti 
makin yakin...",Kerealistisan gagasan
gagasan dan solusi2 pak ganjar paling elegan,Kerealistisan gagasan
pak ganjar telah memberikan gagasan yg super mantap,Kerealistisan gagasan
semua gagasanya bagus tapi saya tetap pilih pak ganjar,Kerealistisan gagasan
gagasan pak ganjar emg luar biasa,Kerealistisan gagasan
"apa yg disampaikan ganjar lebih realistis, gak bombamtis, gak muluk2",Kerealistisan gagasan
ganjar paling oke sih konsepnya,Kerealistisan gagasan
"ketika pak anies membahas tentang ebt, pak ganjar sudah melakukanya (walaupun masih merintis) di jateng ğŸ˜‚ belajar dulu gih pak ke pak ganjar gimana cara buatnya ğŸ¤­",Kerealistisan gagasan
"ganjar paling solutif , paparanya faktual dan updated",Kerealistisan gagasan
"ganjar ungul, gagasanya gak muluk2",Kerealistisan gagasan
gagasan yg sangat di bangakan untuk rakyat.  dan bpk.  ganjar hebat ğŸ˜Š,Kerealistisan gagasan
pak ganjar gagasanya paling solutif,Kerealistisan gagasan
gagasan pak ganjar menyakinkan dan logis,Kerealistisan gagasan
gagasan pak ganjar yg terbaik,Kerealistisan gagasan
"utk spil gagasan, gp latihan dlâ€¦cuaxğŸ˜¤ğŸ˜¤ğŸ˜¤",Kerealistisan gagasan
pemikiran pak ganjar diluar nayla,Kerealistisan gagasan
"hanya pak ganjar yang gagasan masuk di otak saya, hidup pak ganjar",Kerealistisan gagasan
selalu dukung pak ganjar dengan segala gagasan2 nya,Kerealistisan gagasan
pak ganjar gagasan-gagasanya keren,Kerealistisan gagasan
pak ganjar realistis bgt pemikiranya,Kerealistisan gagasan
visi dan gagasan pak ganjar untuk kedepan sangat baik semoga terwujud,Kerealistisan gagasan
ganjar paling realistis...,Kerealistisan gagasan
gagasan yg keren pak ganjar,Kerealistisan gagasan
ganjar pranowo menawar gagasan real bukan hiperbolik. dan yakin milineal ada di belakangnya,Kerealistisan gagasan
"percuma ide dan visi misinya bagus tapi gk konsisten dan gk bisa ngelaksanain tugas dengan baik. coba liat prestasi pak gp udh banyak, bukan asal ngajuin angaran apbn buat hal yg gk penting
maju terus pak gp",Kerealistisan gagasan
pak ganjar realistis.. ğŸ‘,Kerealistisan gagasan
setuju sama gagasan nya pak ganjar,Kerealistisan gagasan
saya lebih setuju ganjar jadi pendongeng daripada jadi capres,Kerealistisan gagasan
penyampaian gagasan pak ganjar tenang dan jelas,Kerealistisan gagasan
gagasan dri pak ganjar yg paling masuk akal,Kerealistisan gagasan
gagasan pak ganjar yg paling keren ğŸ‘ğŸ‘,Kerealistisan gagasan
pak ganjar yg terbaik cara pemaparan gagasanya,Kerealistisan gagasan
makin banga sama pak ganjar setelah beliau menjelaskan gagasan,Kerealistisan gagasan
"semakin yakin dukung pak ganjar, gagasanya luar biasa",Kerealistisan gagasan
pak ganjar paling oke dalam gagasan maupun dalam menjawab pertanyan,Kerealistisan gagasan
gagasan ganjar untuk rqkyat,Kerealistisan gagasan
"gagasan penting, tapi lebih penting lagi adalah jejak data kinerjanya. hanya gp yg terbaik.
dan hanya dia yg bisa meneruskan rencana besar nkri.",Kerealistisan gagasan
gagasan pak ganjar mantul,Kerealistisan gagasan
cuma pak ganjar yg gagasanya bisa diterima,Kerealistisan gagasan
gagasan pak ganjar realistis dan logis mantap,Kerealistisan gagasan
wow dibaca proses membicarakan soal gagasan yang akan mereka lakukan nanti dan saya semakin yakin untuk memilih pak ganjar,Kerealistisan gagasan
gagasan pak ganjar tentang kpk kmi dukung,Kerealistisan gagasan
pak ganjar sih menurut aku yg bagus gagasanÂ² nya,Kerealistisan gagasan
pak ganjar yg terbaik gagasanya,Kerealistisan gagasan
"cuma mas ganjar pranowo yg mengena ide dan gagasanya,rakyat mendukung ganjar pranowo..",Kerealistisan gagasan
gagasan gagasan pak ganjar keren dan berbobot,Kerealistisan gagasan
jawaban pak ganjar sangat realistis dan mudah di mengerti,Kerealistisan gagasan
pak ganjar seru bgt sih gagasanya,Kerealistisan gagasan
"klo bicara gagasan dan wawasan pak ganjar pranowo lebih dapet sih. lugas, cerdas, realistis dan logis â¤â¤â¤â¤â¤",Kerealistisan gagasan
gagasan yg dipaparkan oleh ganjar pranowo cukup jelas dan lugas,Kerealistisan gagasan
"ganjar paling top, paling rasional dan detail.",Kerealistisan gagasan
pak ganjar aku padamu gagasanmu bagus,Kerealistisan gagasan
pak ganjar bagus gagasan yang terbaik,Kerealistisan gagasan
"gagasan, ide, visi dan misi pak ganjar bagus banget, gk seperti yg ini yg cuma bisanya beretorika dan menyolong gagasan yg jelas2 udh dilakukan oleh pak ganjar di jawa tengah
maju terus pak ganjar",Kerealistisan gagasan
ganjar lebih real,Kerealistisan gagasan
"pak ganjar paling logis penjelasanya, bisa diterima akal dan otak",Kerealistisan gagasan
maf pak ganjar saya ga milih anda says lebih memilih yang gagasanya ada di kepala bukan di tek,Kerealistisan gagasan
masuk akal semua gagasan ganjar,Kerealistisan gagasan
"setuju dengan pak ganjar,,, gagasanya jelas dimbangi dengan kerja nyata",Kerealistisan gagasan
nah liat siapa gagasan paling mantep jelas pak ganjar,Kerealistisan gagasan
"mantap pak ganjar. gagasanya masih sama seperti dulu, bahkan sekarang lebih luas lagi",Kerealistisan gagasan
gagasan pak ganjar tetap yg terbaikğŸ‘,Kerealistisan gagasan
pak ganjar gagasanya masuk akal dan sangat tepat sasaran,Kerealistisan gagasan
gagasan dan ide pak ganjar memang sangat cemerlang sekali ğŸ‘,Kerealistisan gagasan
fix ga si we gagasan pak ganjar paling inovatif,Kerealistisan gagasan
"jelas ganjar, realistis akar rumput",Kerealistisan gagasan
jelas banget pak ganjar gagasanya,Kerealistisan gagasan
pak ganjar memberikan penjelasan yg logis untuk setip gagasan yg beliau utarakan,Kerealistisan gagasan
gagasan pak ganjar masyalah,Kerealistisan gagasan
bukan cuma gagasan aja tapi pak ganjar bisa membuktikan dan bertangung jawab,Kerealistisan gagasan
jos banget gagasan pak ganjar,Kerealistisan gagasan
makin mantep pak ganjar gagasanya,Kerealistisan gagasan
pak ganjar sangat sat set nih pemikiranya,Kerealistisan gagasan
pak ganjar statmen2nya realistis sih,Kerealistisan gagasan
pak ganjar selalu bagus gagasanya,Kerealistisan gagasan
"kalo ganjar apa yg jadi solusi sudah diterapkan jadi bukan hanya angan2, bera yg cma baru angan2 saja",Kerealistisan gagasan
real gagasan paling bagus pak ganjar,Kerealistisan gagasan
gagasan yang dipaparkan oleh pak ganjar sangat cukup jelas ğŸ‘,Kerealistisan gagasan
ngena banget gagasan pak ganjar,Kerealistisan gagasan
pak ganjar gagasanya mantab,Kerealistisan gagasan
gagasanya luar biasa banget pak ganjar,Kerealistisan gagasan
gagasan nya pak ganjar keren,Kerealistisan gagasan
senang bisa ada acara ini. jadi bisa liat gagasan-gagasan para bacapres. dan pilihanku tetap ganjar pranowo ğŸ™,Kerealistisan gagasan
yang realistis ya ganjar pranowo ğŸ™Œ gagasan-gagasanya membumi dan sudah teruni di jawa tengah,Kerealistisan gagasan
wah pemikiran pak ganjar selalu bagus dan logis,Kerealistisan gagasan
penjelasan pak ganjar lebih realistis,Kerealistisan gagasan
ini buzernya pak ganjar komenya yg kreatif dong,Kerealistisan gagasan
makasi banyak pak ganjar udh best banget gagasanya,Kerealistisan gagasan
ganjar jawabanya realistis,Kerealistisan gagasan
gagasan pak ganjar lebih masuk akal,Kerealistisan gagasan
keren banget konsep pak ganjar,Kerealistisan gagasan
mantep banget gagasan pak ganjar,Kerealistisan gagasan
perfact sama gagasan pak ganjar,Kerealistisan gagasan
inilah ya yang ditungu gagasan pak ganjar masyalah luar biasa,Kerealistisan gagasan
pa ganjar the best setiap pertanyan pertanyanya dijawab dgn natural  sangat realistis dan logis tanpa berhalusinasi memberikan harapan yg belum pasti kepada rakyat di masa depan tapi pa ganjar memberikan jawaban yg pasti utk masa depan dgn logis mantul,Kerealistisan gagasan
ganjar teorities.,Kerealistisan gagasan
lebih realistis saja ....sehat selalu pak ganjar pranowo ğŸ™ğŸ»ğŸ™ğŸ»ğŸ™ğŸ»,Kerealistisan gagasan
ganjar yg lebih membumi gagasan dan idenya...kekinian...yg lain terlalu melayang jauh diawan....hanya enak diangan angan,Kerealistisan gagasan
beda cara buat program antara masuk akal dan tdk masuk akal saya perhatikan lebih akurat gambaran danpenjelasan ganjarpranowo sangat jelas cara pemaparanya ok banget josgandos lanjut pak ganjar mudah2an rakyat terbuka pikiranya pak ganjar pilihanya,Kerealistisan gagasan
ganjar lebih real bukan sekedar omdong,Kerealistisan gagasan
ganjar capres paling siap dan realistis,Kerealistisan gagasan
pa ganjar pandai mendongeng. mana gagasanya bapak?,Kerealistisan gagasan
"paling realistis dan masuk akal hanya ganjar, gaspol",Kerealistisan gagasan
saya rakyat yg gk punya skolah. tapi saya bole bedakan di antara 2 capres ini. pd saya pak ganjar punya gagasan dan visi misi yg bisa membangun bangsa ini,Kerealistisan gagasan
mas ganjar terbukti dan berkompeten serta punya gagasan yang luas dan modern....,Kerealistisan gagasan
ganjar aplikatif bukan hanya visi visi indah,Kerealistisan gagasan
"ganjar implementatif skali,",Kerealistisan gagasan
"awalnya udh antusias ke ganjar , setelah lihat ini kok jadi pikirÂ² ya .",Kerealistisan gagasan
ganjar realistis dan kbh kinkrit solusinya..ora ngumpi..,Kerealistisan gagasan
yang nge skip pas ganjar naympein gagasan sini kumpul,Kerealistisan gagasan
"ganjar baperan amat,namanya jg pen tau gagasan,ya harus diseranglah gagasan dan idenya,yg laen.jg diserang kok",Kerealistisan gagasan
jelas disini pak ganjar yg mempunyai ide dan gagasan yg bagus. bicara langsung pada point dan intinya.. yes ganjar...,Kerealistisan gagasan
gagasan pak ganjar pranowo yg mempunyai terobosan masuk akal dan paling bagus ğŸ‘,Kerealistisan gagasan
realistis pak ganjar pranowo,Kerealistisan gagasan
"pak ganjar gagasan nya lebih
 1. ter ukur
 2. ter data

 pak ganjar adalah kader revolusioner penjelasan nya akurat. tepat. transparan. dan tepat sasaran",Kerealistisan gagasan
pak ganjar lebih realistis ngk mengada2,Kerealistisan gagasan
"pdhal gagasan pak ganjar tuh bagus & bisa dimengerti kok, tp knp pd gk konek ya..hm",Kerealistisan gagasan
ganjar lebih realistis....walk the talk... yg lain...duh pusing,Kerealistisan gagasan
ganjar paling realistis...,Kerealistisan gagasan
semua gagasan ganjar masuk akal dan cerdas bgt kerja nyata,Kerealistisan gagasan
"yang bisa menjelaskan sesuai dgn  kondisi aktual & data cman pa ganjar... yg laen msih mengawang ngawang,, ide ide doank,, retrorika",Kerealistisan gagasan
pak ganjar capres paling menguasai masalah dan realistis,Kerealistisan gagasan
pak ganjar lebih logis dlm bersikap,Kerealistisan gagasan
"runutan penjelasan pak ganjar cuakep..
1. goal nya apa, timelinenya kapan
2. cara atau roadmapnya apa
3. masalah dari setiap pilar itu apa
4. rencana aktivitas solusinya apa

paling prepare..paling paham isi dari paparan, rencana ke depan..

bagi yang bilang pak ganjar under-perform mafÂ² aja..model pak ganjar kayak gini kalau presentasi di perusahan atau di kampus, gue yakin para komisaris pasti paling confident dan para dosen beri point paling tingi..",Kerealistisan gagasan
ganjar memiliki gagasan yang sangat luas...,Kerealistisan gagasan
gagasan pak ganjar pranowo juga bagus yang ditampilkan ugm bekerja sama dengan narasi mata najwa membantu kita bisa memrilih capres yg sreg d hati,Kerealistisan gagasan
ganjar lebih realistis dan lebih tenang,Kerealistisan gagasan
gagasan ganjar terlalu utopis,Kerealistisan gagasan
"gagasan ganjar paling realistis dan mudah dipahami, maju ganjarÃ¢Å“Å¡Ã°Ã¿ÂÂ»",Kerealistisan gagasan
ganjar teori banget,Kerealistisan gagasan
"hanya gagasan dari ganjar pranowo yg masuk akal,dan super",Kerealistisan gagasan
sepertinya p ganjar paling siap... paling srek dihati dan logika,Kerealistisan gagasan
"jawaban ganjar lebih rasional,,",Kerealistisan gagasan
"dari semua bacapres yg ada hanya 1 yg paling aneh gagasanya dan selalu terlihat paling sok(sombong) adalah ganjar pranowo , dan gagasanya susah di mengerti oleh masyarakat menengah kebawah",Kerealistisan gagasan
"pak ganjar hebat, luar biasa... lebih realistis bukan hanya angan-angan saja...  mampu melihat situasi sat ini... keren... love you pak ganjar â¤",Kerealistisan gagasan
pak ganjar lebih realistis pastinya.dan bijak,Kerealistisan gagasan
temapat romantis njar.....disitu lah pertama kali saya nonton bokep...wkwkwkwkwk otak lendir...,Kerealistisan gagasan
makanya sy mau muntah terlalu byk denger gagasan/konsep/janji....jkt aja sdh merasakan itu smua... omdo dan nato,Kerealistisan gagasan
cuma ganjar yg masuk akal.,Kerealistisan gagasan
paparan pak ganjar tentang ide dan gagasan tertutupi dengan banyaknya klarifikasi,Kerealistisan gagasan
gagasan atau ide boleh saja oke terdengar realistis dan logis. tp keinginan tanpa kemampuan itu cuma harapan/ekspektasi. aku pilih yang bener2 ada kerjanya ga cmn omdo..,Kerealistisan gagasan
"sy dikelilingi byk teman dg ide yg bagus2 n indah, tp kmdn sulit diapilkasikan. hinga apriori mgkn. disitu sy paham, betapa pentingnya pengalaman, praktek, dan membumi. bisa dilihat mana ide yg hny indah diucapkan, ato hny hal kecil tp lebih realistis dilakukan",Kerealistisan gagasan
"pak ganjar pranowo orangnya baik, ramah dan tidak sombong. ya, semoga pak ganjar sehat, dan bisa jadi presiden,""",Bakal calon presiden
ganjar pranowo presiden,Bakal calon presiden
ganjar pranowo presiden ku,Bakal calon presiden
ganjar presiden selanjutnya... jiwa yang merakyat...,Bakal calon presiden
tetap ganjar pranowo presiden,Bakal calon presiden
pak ganjar ri president,Bakal calon presiden
ganjar ..jd presiden...negara akan tetap begini...gaknakan berubah .,Bakal calon presiden
yang penting bukan dari pdip yang jadi presiden aminâ¤,Bakal calon presiden
gp lagi main presiden2nan,Bakal calon presiden
ganjar presiden ku titik,Bakal calon presiden
hanya 1 presiden yg mampu dan handal pak ganjar,Bakal calon presiden
mudah mudahn pak ganjar bisa menjadi presiden ri,Bakal calon presiden
tetap ganjar presidenğŸ’ª,Bakal calon presiden
sumpah...sangat pantas menjadi presiden ganjar pranowo. bismilah ganjar jadi presiden. mantap,Bakal calon presiden
segala macam aturan demi utk ingin ganjar lolos jadi presiden di 24,Bakal calon presiden
sangat setuju pak ganjar jadi presiden riğŸ™ŒğŸ»,Bakal calon presiden
ganjar presiden ri,Bakal calon presiden
"pak ganjar,,, terbaik sudah. 
next presiden ri",Bakal calon presiden
ganjar pranowo presiden,Bakal calon presiden
pak ganjar insyalah presiden selanjutnya...,Bakal calon presiden
"liat ganjar kl presentasi, keinget tim cok kl presentasi, paham masalahğŸ˜‚, ganjar presidenku!",Bakal calon presiden
merinding melihat kilas balik pak ganjar bismilah semoga pak ganjar terpilih jadi presiden.â¤,Bakal calon presiden
mg betul presiden adalah amanah konstitusi tp khusus pdi perjuangan beda dgn yg lainğŸ˜‚,Bakal calon presiden
"denger ganjar ngmong cape muter2 gk jelas , calon presiden kok ngmong nya gak jelas",Bakal calon presiden
ganjar pranowo yang layak menjadi presiden.,Bakal calon presiden
"untuk para pendukung anies baswedan, mohon bersabar jika kelak pak ganjar pranowo yang jadi presiden......makasih...",Bakal calon presiden
"ganjar ini bicaranya ngotot ngalor ngidul gak nyambung sama yang ditanya
hadeh orang seperti ini mau jadi presiden.ambyar",Bakal calon presiden
"ganjar pranowo, sangat terlihat kurang dlm emosi kontrol dan cendrung mengunakan abuse of powernya  apalagi kl sdh jadi presiden bahaya slengean begini ..
cek kedekatanya dgn sambo.",Bakal calon presiden
bismilah pak ganjar presiden next,Bakal calon presiden
"terserahlah asal jgn pdip lg.. antara 2 lainya gp

yg 5 thn terakhir bener2 presiden dipangil mega mesti tunduk.. berkali2
menjijikan",Bakal calon presiden
dukung pak ganjar pranowo sbg presiden ri,Bakal calon presiden
gue mah tetep ganjar for presiden,Bakal calon presiden
dukung ganjar pranowo jadi presiden,Bakal calon presiden
secara umum penampilan ganjar ok lah...hanya  selalu mengalihkan jawaban  ketika ditanya tentang  presiden boneka...,Bakal calon presiden
"hidup ganjar..!!!
10menit pertama langsung skip..
jabatan publik presiden ri bukan main-main, apakah anda hanya cengengesan menghadapi masalah republik ini..?
bacot 10menit awal mu itu sudah diucapkan 6 presiden sat kampanye..basi!!!",Bakal calon presiden
"ganjar gak mutu, kebanyakan cerita bukan gagasan, saya nonton dari tadi hanya ingin liat ganjar doang saya pikir akan meyakinkan memilih merah nyatanya nol, 

pak anies memang luar biasa, kemarin saya ragu karena demokrat keluar, sekarang lebih di yakinkan kembali, memang bener dia pantas jadi presiden, otaknya bukan kaleng kaleng orang pintar pasti memilih anies.",Bakal calon presiden
"ngeri jawaban pak gp. ditanya malah balik nanya. kalo jadi presiden bakal ngeri, kita bertanya malah di suruh cari jawabanya sendiri dengan dia balik tanya",Bakal calon presiden
"ah ganjar terlalu banyak omongan, terlalu panjang jawaban tapi ngak nyambung dengan pertanyan mbak najwa, gaya dan  eksen berlebihan tapi ngak jelas, piye iki njar, gi mana mau jadi presiden iku mjar, kamu sekarang pura pura ngak sejalan dengan mega wati ntar klu sudah jadi presiden ngekor saja sama dia, sportif saja njar klu yg membiayai kelompok kamu oligarki? ngak usah bohong, hahahahahaha,",Bakal calon presiden
mantap pa ganjar presidenku,Bakal calon presiden
memang top banget nih calon presiden pak ganjar pasti cocok bgt,Bakal calon presiden
ganjar pranowo jos ini baru calon presiden yang bicara jujur dan berkualitas tdk korupsi kerja nyata...,Bakal calon presiden
"klu sudah lihat gaya ganjar berbicara di depan umum saya mau ketawa saja itu, hahahahahaha, kira kira apa kata orang luar negri nanti itu ya? klu ganjar jadi presiden, ini orang mau  berpidato apa mau main sandiwara ini?",Bakal calon presiden
rakyat akan sangat senang jika pak ganjar akan terpilih menjadi presiden nantinya,Bakal calon presiden
"ganjar no way !!!!!!!
kebo di sini malah dagelan , gak ada pantes2 jadi presiden",Bakal calon presiden
sehat selalu untuk pa ganjar saya dukung sampai jadi presiden,Bakal calon presiden
pasti orang yang pintar pintar akan memilih calon presiden yang punya rekam jejak yang baik dan berkwalitas gp the best,Bakal calon presiden
"mas panji, klu si ganjar jadi presiden siapa kira kira lbp nya mas, dan siapa pula ngabalinya itu mas, hahahahahaha,",Bakal calon presiden
mau komentar apapun ganjar pranowo presiden,Bakal calon presiden
ganjar presiden â¤â¤â¤â¤,Bakal calon presiden
ganjar presiden,Bakal calon presiden
"presiden adalah badan eksekutif, dan di tayangan ini sangat jelas terlihat siapa eksekutor  yg terbaik, dari rekam jejak, paparan dan konsistensi antara yg dia katakan dan yg sudah dia lakukan.. ganjar pranowo lah yg terbaik..",Bakal calon presiden
maju terus ganjar presiden ku,Bakal calon presiden
dukung pak ganjar maju jadi presiden pokonya,Bakal calon presiden
"tetep ku ga mau tertipu dngn kata2,aku yakin pak ganjar presidenya...semangat terus ngeh pak..ğŸ’ªğŸ’ªğŸ’ª",Bakal calon presiden
pak ganjar the next presiden.. dgn gagasan dan ide cemerlang,Bakal calon presiden
ganjar presiden 1t apbn untuk partai ğŸ˜‚,Bakal calon presiden
"hanya ganjar yang tidak memilih hanya karena ada unsur x dalam hati, kalau gagasan untuk presiden kedepan pasti ganjar yes",Bakal calon presiden
"pak ganjar mantap dalam menjelaskan, tegas dan berwibawa. pak ganjar the next presiden â¤",Bakal calon presiden
pak ganjar presidenku..,Bakal calon presiden
gak sabar menantikan pak ganjar jadi presidenâ¤,Bakal calon presiden
"ganjar pranowo, calon presiden yang jujur dan anti korupsi",Bakal calon presiden
mantap pak ganjar next presiden ku ğŸ˜,Bakal calon presiden
mantap pak ganjar. klo udah pengalaman di pemerintahan jawabnya tenang enjoi aja.,Bakal calon presiden
pak ganjar pranowo nex presiden..,Bakal calon presiden
"pak ganjar jalo mengawab tegas dan berwibawa , cocok jdi presiden",Bakal calon presiden
ganjar presidenku  !..,Bakal calon presiden
klo presidenya dari partai pdi auto yg jadi presiden sebenarnya adalah ketum pdi itu sendiri,Bakal calon presiden
siapapun presidenya yg jelas no banteng,Bakal calon presiden
"disini survey membuktikan pak anies ingin jadi presiden..

tapi ada lembaga survey dari suruhan banteng merah suara anies terendah..",Bakal calon presiden
pak ganjar semoga alah mudahkan anda menjadi presiden ri âœ¨,Bakal calon presiden
hebat ganjar presidenku.ğŸ‘ğŸ‘ğŸ’ªğŸ’ªğŸ’ª,Bakal calon presiden
"presiden paling cocok sudah jelas pa ganjar, pemimpin cerdas dan selalu peduli pada rakyat",Bakal calon presiden
siapapun presiden nya asal bukan dari golongan merah ....,Bakal calon presiden
"cuma pak ganjar yang memberikan gagasan cerdas, jawaban dan solusi kongkrit, dengan contoh kasus, paling menguasai masalah ya karena pengalaman beliau di legislatif maupun eksekutif. tidak banyak janji dan tidak banyak membual. kami mendukungmu ganjar pranowo presiden !",Bakal calon presiden
"mau siapapun yg jadi presiden, asal jangan dari partai banteng!",Bakal calon presiden
"gp memang top, jawaban sl to the point, gak mencla mencle, atau muter gak jelas  ri butuh presiden yg tau solusi dan merakyat",Bakal calon presiden
mantap pak ganjar adalah calon presiden damban milenial,Bakal calon presiden
pak ganjar lebih siap menjadi presiden.,Bakal calon presiden
inshaloh ganjar presiden ri ke 8,Bakal calon presiden
aku pilih ganjar sebagai presiden berikutnya ğŸ”¥,Bakal calon presiden
"mantap spil gagasanya pak. ganjarğŸ‘
next presiden yg di imipikan oleh masyarakat..",Bakal calon presiden
ganjar presiden ku,Bakal calon presiden
pantas sekali kalau ganjar menjadi presiden,Bakal calon presiden
"komentar utk ganjar. presiden boneka. kemarin presiden mau ngadain piala dunia sepak bola, pak ganjar nolak dan akhirnya batal. hebat bgt pak ganjar ini. presiden aja kalah. apa resepnya pak?",Bakal calon presiden
ganjar presidenku..,Bakal calon presiden
waktunya garuda yang asli yang jadi presiden bukan banteng,Bakal calon presiden
"ganjar dan gagasanya memang top,dia sangat jujur,ganjar the next presiden",Bakal calon presiden
bener pak gp udah paling cocok jadi presiden,Bakal calon presiden
dukung terus pak ganjar smp menjadi presiden,Bakal calon presiden
pemaparan pak ganjar udah cocok jadi presiden,Bakal calon presiden
udah yang paling tepat jadi presiden itu pak ganjar,Bakal calon presiden
"pak ganjar knpa sih anda itu klu bcra slu merendahkan org, slu pgen mrsa dirinya paling ok ckckckc miris sih calon presiden komentar nya gak bgt,",Bakal calon presiden
paling presiden nanti yang jadi ganjar pranowo,Bakal calon presiden
10 thn di jateng aja gk jelas apalgi mau jd presiden,Bakal calon presiden
pak ganjar yg paling mumpuni untuk menjadi presiden dari 3 paslon tersebut.,Bakal calon presiden
saya yakin ganjar jadi presiden,Bakal calon presiden
pak ganjar udahlah jangan dipaksakan otak bapak itu kapasitasnya gk sampai kalau mau jadi presiden,Bakal calon presiden
bisa kita lihat kalo yang lebih cocok jadi presiden itu pak ganjar,Bakal calon presiden
"jika pak ganjar kelak di takdirkan menjadi presiden,penerusnya pak jkw,jujur kami tidak akan merasakan kehilangan,karna d hati n pikiran rakyat yg mencintai pak jkw,semua ada d pak ganjar.",Bakal calon presiden
pak ganjar cocok jdi presiden ğŸ”¥ğŸ”¥ğŸ‘ğŸ‡®ğŸ‡©,Bakal calon presiden
pak ganjar pranowo cocok jdi presiden,Bakal calon presiden
"semoga pak ganjar menjadi ..





.



.


.

.
mentri ajalah gausah jadi presiden.. hadeh",Bakal calon presiden
calon presiden pak ganjar gada obatnya â¤,Bakal calon presiden
pak ganjar presiden kita semua,Bakal calon presiden
insyalah ganjar pranowo presiden,Bakal calon presiden
pak ganjar calon presidenkuâ¤,Bakal calon presiden
"saya banga memiliki calon presiden sehebat ganjar pranowo.""",Bakal calon presiden
pak ganjar memang presiden idaman semua rakyat,Bakal calon presiden
pak ganjar emg cocok jdi presiden dengan jawaban yang tegas,Bakal calon presiden
sebenarnya saya pengen sampean jadi presiden pak ganjar. tapi kok pas di pdi,Bakal calon presiden
"saya yang awalnya suka dengan ganjar, setelah melihat ini semua jadi ragu dengan apa yang dia sampaikan, seperti belum yakin dengan dirinya sendiri, kurang menguasai masalah, kalau dia jadi presiden pasti butuh waktu yang lama sekali untuk adaptasi.",Bakal calon presiden
siapapun presidenya yang paling bukan banteng pengusungnya...nanti slot jadi legal lagi,Bakal calon presiden
ganjar cocok..lebih cerdas dan sehat akal dan jasmani utk jd presiden,Bakal calon presiden
paling jos jawab an pak ganjar pranowo gak mbulet. sangat jelas. pilihan presidenku.,Bakal calon presiden
apapun cerita yg paling merakyat dan sederhana hanya pak ganjar yg lain nti setelah mau jadi calon presiden baru mau merakyat,Bakal calon presiden
"luar biasa mas ganjar pranowo, kami membutuhkan bapak melanjutkan kepemimpinan bapak presiden joko widodo.",Bakal calon presiden
bismilah dkung pak ganjar jdi presiden,Bakal calon presiden
ganjar presiden..ri,Bakal calon presiden
yg kelatan cerdas dan layak jadi presiden cuman ganjar yg lain vuman hobi adu domba,Bakal calon presiden
â¤â¤â¤fix ganjar pranowo layak semesta mengizinkan beliau untuk next presiden berikutnya,Bakal calon presiden
ganjar presiden,Bakal calon presiden
"pak ganjar, dari pembicaranmu mengenai keluarga sederhana, saya ikut terharu sampai tidak sadar keluar air mata ini. 

dalam waktu yang sama berharap pak ganjar pranowo akan menjadi presiden di negri ini. amen",Bakal calon presiden
"saya satu keluarga 
mendukung pak ganjar pranowo presiden ke 8ğŸ™",Bakal calon presiden
"ganjar p tdk memenjarakan netizen yg membuli dia, sb sekarang dia mau mencalonkan presiden...coba kalau sdh...paling2 main tangkap.",Bakal calon presiden
ganjar pranowo presiden,Bakal calon presiden
siapapun presiden nya akan gw dkung.asal jgn dri pdi p.,Bakal calon presiden
pak ganjar lebih cocok jd motivator dr pada presiden. krn cara penyampaian nya bukan seperti seorang pemimpin.,Bakal calon presiden
"ganjar kebanyakan improvisasi, seperti main drama, retorika kosong, gak bahaya ta kl jadi presiden?ğŸ˜‚",Bakal calon presiden
"seseorang yg yg tahu lingkungan(sosial budaya dan peradaban),tambah wawasan(pendidikan) dan keberadan juga karakter telah muncul dr sosok seorang ganjar pranowo... yg smoga jadi presiden di th 2024..amin.",Bakal calon presiden
ganjar gak layak jadi presiden,Bakal calon presiden
"setelah nonton acara ini sya jadi semakin yakin menentukan pilihan kpd pak ganjar pranowo setelah sebelumnya sya masih meragukan. terimakasih pak ganjar, skrg sya paham. salam hormat dari sya anak kampung di nt. ganjar pranowo presiden ku 2024",Bakal calon presiden
"ganjar mantap, presiden plus motivator, mario teguh aja kalah nih",Bakal calon presiden
"sejauh ini.. seperti nya ini permainan pikiran, apalagi sesi ganjar... ingat janji d awal , tdk selalu d tepati.. sdh ada contoh, liat presiden sat ini ğŸ˜‚ğŸ˜‚",Bakal calon presiden
presiden k 8 pak ganjar pranowo,Bakal calon presiden
"dr sy kecil thn 2009 saya selalu memilih presiden yg berpotensi/min mgkn bs dibangakan
tapi utk kali ini saya lbh memilih golput.
yang pasti si bkn ab omdo gak capek apa diberi harapan",Bakal calon presiden
"ganjar sepertinya lebih cocok jadi comedian
gk cocok jadi president
semangat pak ğŸ˜‚ğŸ˜‚ğŸ˜‚",Bakal calon presiden
pak ganjar 10 tahun memimpin jateng tentunya jateng harus ok dong ? but you are not fit to be president,Bakal calon presiden
"ganjar pranowo berbicara sesuai fakta dan pengalaman yg nyata, bukan mengarang cerita..
sangat peduli dengan rakyat kecil, ganjar pranowo calon presidenku â¤",Bakal calon presiden
yakin dgn bapak ganjar pranowo...next presiden pilihankuğŸ‡²ğŸ‡¨ğŸ‡²ğŸ‡¨ğŸ‡²ğŸ‡¨ğŸ‡²ğŸ‡¨ğŸ‡²ğŸ‡¨â¤ï¸â¤ï¸â¤ï¸â¤ï¸â¤ï¸,Bakal calon presiden
pa ganjar sosok intelektual yg benar2 pantas untuk presiden,Bakal calon presiden
saya yakin bapak ganjar pantas untuk menjadi presiden berikutnya. dariatas komentarnya ga ada yang menyebutkan pilihan kepada beliau.,Bakal calon presiden
ganjar kebelet presiden.,Bakal calon presiden
"klo dilihat dr pancaran wajah,,pak ganjar lebih cerah dan  bahagia,,itulah sosok presiden berikutnya,,ğŸ‰ğŸ‰ğŸ‰ğŸ‰â¤",Bakal calon presiden
...pak ganjar jos... pasti jdi presiden.,Bakal calon presiden
pakganjar  menjawab sangat runtut sesuai fakta dilapangan  . sukses pak ganjar semoga jadi presiden selanjutnya ğŸ‘,Bakal calon presiden
tapi kalau pranowo jadi  presiden sama  kayak jokowi  jadi boneka pdi,Bakal calon presiden
"dari yg saya lihat knp pdip mencalon kan ganjar, karna ganjar hampir bertolak belakang dgn presiden kita skng yg dari pdip juga (soal kharisma) ganjar selalu mengunakan intonasi/nada tingi untuk menunjukan bahwa dia ""laki"", soal kharisma memang berbeda..apakah ""isinya"" juga sama/berbeda sprti presiden kita skng ? kalian bisa pikirkan sendiri,atau liat sendiri rekam jejak nya",Bakal calon presiden
mimik muka pak ganjar mengintimidasi gitu ya...untuk mba nana yg jd mc nya...klo yg lain bakalan ciut nyalinya mau nanya....ngeri banget calon presiden model begitu...,Bakal calon presiden
presiden ganjar,Bakal calon presiden
"kami ingin presiden yg bisa kerja bukan kata2 dan janji..pak ganjar orangnya,",Bakal calon presiden
"sesuai prediksi dengan karakter masing2 bacapres.
pengen punya presiden seperti pak ganjar pranowo, lugas, terstruktur dan pro rakyat kecil.

semoga yang terbaik yang terpilih.",Bakal calon presiden
apapun presidenya yg penting  bukan dari si merah ğŸ˜…,Bakal calon presiden
siapa aja presidenya yg penting bukan ganjar.,Bakal calon presiden
siapa yg setuju . siapa pun presiden nya asalkan jgn dari kubu banteng... kapok,Bakal calon presiden
"dari semua capres hanya p ganjar yg menjelaskan dg logis..
bismilah p ganjar akan jadi presiden",Bakal calon presiden
"keren.
tolong jangan pdip lagi yang di pemerintahan dan parlemen amin ya alah ya rab",Bakal calon presiden
ganjar ngomongnya ngelantur di tanya apa jawab nya apa gak cocok jadi president,Bakal calon presiden
ganjar bicara seolah-olah dia adalah sudah presidenğŸ˜…,Bakal calon presiden
siapapun presidenya yg penting bukan dari pdip,Bakal calon presiden
lihat ganjar kok sprti lihat ranga presiden sunda empire ya ? bombastis tapi tidak sistematis dan substantif,Bakal calon presiden
siapapun presidenya yg penting tidak ada banteng diantara kita wkwk,Bakal calon presiden
ganjar kaga jelas di tanya apa jawabnya apa ... hadeh calon presiden ko gitu,Bakal calon presiden
sudah jelas yang jadi  presiden adalah ganjar pranowo. yang lain palsuğŸ˜‚ğŸ˜‚ğŸ˜‚ğŸ˜‚ğŸ˜‚,Bakal calon presiden
ganjar pranowo presiden. amin...,Bakal calon presiden
"ganjar menunjukan sikap bahwa dia tidak bisa menerima perbedan pendapat, arogan ketika terpojok, yakin kek gitu mau dipilih jadi presiden??",Bakal calon presiden
pk ganjar yg layak jdi presiden,Bakal calon presiden
"3:23:05  anjir ini orang belum jadi presiden tapi udah otoriter, sensitif banget....
otoriter kode woy, ati ati kelen kalo milih ganjar...",Bakal calon presiden
ganjar yg bicara dengan tulus. kelihatan. cocok jadi presiden,Bakal calon presiden
"cara menjawab ganjar itu terlalu arogan, ngeri banget kalo dia jadi presiden.",Bakal calon presiden
"saya sebagai warga brebes jateng merasa kinerja ganjar di jateng aja kurang memuaskan, bisa dilihat ketika diwawancara sama najwa gimana cara ngomongnya, siapapun presidenya nanti kalau bisa jangan dari pdi lagi",Bakal calon presiden
siapa saja bebas presiden asalkan jgn dari kader pdip ğŸ˜‚,Bakal calon presiden
siapapun presidenya asal jgn dr pdip...,Bakal calon presiden
ntah siapapun presidenya gak ngaruh buat saya. tapi klo harus milih. ya cuman pak ganjar.,Bakal calon presiden
"siapapun presidenya yang penting bukan dari banteng ğŸƒğŸ‘º
tim swing voter no 1 atau 3 ğŸ™‹ğŸ»â€â™€ï¸",Bakal calon presiden
calon presiden paling koclok dan ngak ngangak an adalah ganjar,Bakal calon presiden
siapapun nanti presidenya semoga bukan ganjar,Bakal calon presiden
memang presiden tiktok yg namanya ganjar,Bakal calon presiden
ganjar blunder wkwk ga pantas jadi presiden ğŸ˜‚,Bakal calon presiden
"woi ganjar ngeliat tu yg luas, heran bener mau jadi presiden tapi pikiranya sempit",Bakal calon presiden
"woi ganjar ngeliat tu yg luas, heran bener mau jadi presiden tapi pikiranya sempit",Bakal calon presiden
"gp ngelawak mulu anying, lu kan calon presiden bukan peserta suca ğŸ¤£ğŸ¤£ğŸ¤£",Bakal calon presiden
saya jadi mengerti mana yg pantas jadi presiden setelah lihat acara ini. makasih mba nana. saya yakin netizen dan seluruh rakyat tau mana yg pantas jadi presiden. yg penting bukan capres baperan dan emosian. capres harus siap menerima kritikan. capres harus tegas dan tegas bukan berarti galak dan semena mena sama rakyatnya,Bakal calon presiden
maf baru kali ini saya liat calon presiden lebih cocok jadi pelawak. mukanya pak ganjar di pake jas dan peci malah keliatan mirip pelawak ğŸ˜‚ğŸ˜‚ğŸ˜‚,Bakal calon presiden
dukung ganjar tetap presiden. kami tidak mendukung tukang ngibul,Bakal calon presiden
"pilih presiden jangan yang emosian ğŸ˜‚ğŸ˜‚
bakal presiden kok ngejek profesi rakyatnyağŸ˜‚ğŸ˜‚",Bakal calon presiden
"siapapun presidenya, no banteng pokoknya!!!!",Bakal calon presiden
